user_id,monthly_salary,avg_monthly_balance,existing_emi,emi_to_income_ratio,credit_score,delayed_payments,avg_daily_transactions,bounced_transactions,nach_failures,age,PAN,Aadhaar
user_1,64711,95643.99,12834,19.83,403,5,11.86,1,0,59,NAMWT4886W,631999289535
user_2,118654,154319.56,14688,12.38,581,1,14.84,1,0,52,AASIL9982X,263955468941
user_3,73111,76484.55,11114,15.2,721,0,6.04,0,0,26,OHWQG0796D,216563686675
user_4,59146,81618.57,14710,24.87,537,5,13.12,1,0,44,DVNFN2660N,747356461632
user_5,52147,62423.64,9198,17.64,378,1,12.83,1,0,25,RFFRX8893L,096193980326
user_6,28778,41848.99,8957,31.12,457,1,7.04,1,0,52,TFVIQ8661A,467580848845
user_7,98247,157792.91,2957,3.01,517,0,3.28,0,0,50,JOZFF9522G,246535477153
user_8,118227,131447.8,35747,30.24,422,2,10.31,1,0,48,GBFLY6345U,503153508818
user_9,67889,105341.1,15673,23.09,807,1,14.05,0,0,57,AOGGX0057V,347676851687
user_10,140495,256239.1,45494,32.38,482,5,9.25,0,0,39,VNUTM3387Y,776849406520
user_11,68596,94838.0,2358,3.44,722,0,8.7,0,0,42,PKHCY6517J,960716235487
user_12,79614,106048.92,8990,11.29,593,1,5.46,2,0,53,AJTHJ4957H,225812783128
user_13,113685,96366.48,7189,6.32,824,0,13.0,0,0,38,JPYVM1461B,324444958446
user_14,92707,158364.71,10985,11.85,658,0,7.38,0,0,41,CLDYC8690G,683146775699
user_15,120454,98851.49,26419,21.93,542,3,14.77,1,0,34,PZRAM0074S,409177340269
user_16,140491,189620.8,25721,18.31,413,5,6.15,0,0,55,VIUZU8004D,077234293155
user_17,47291,71700.98,17711,37.45,600,1,4.72,0,0,25,WVXST6893V,092791981126
user_18,107158,156033.4,163,0.15,429,2,6.02,1,0,53,PAZNS2871L,690013164323
user_19,141235,97167.74,11063,7.83,796,2,3.21,0,0,59,AGLZH0053L,796584533654
user_20,113168,141356.9,44887,39.66,774,0,7.23,0,0,49,KOLAU5874U,047759227363
user_21,56873,38573.35,21660,38.08,808,1,7.83,0,0,50,YUPUL5975S,404582137488
user_22,121533,98366.15,16511,13.59,600,0,3.71,0,0,25,BJAMN7502G,512307192611
user_23,66197,120633.46,17060,25.77,342,3,13.17,1,0,22,YMSZP2075M,138912347034
user_24,67986,94117.03,27152,39.94,427,3,5.79,0,1,49,DMLWF1575V,184574694190
user_25,129306,74474.76,3419,2.64,803,2,11.79,0,0,39,OMDAN9029T,259076892687
user_26,135360,78642.48,38909,28.74,499,3,7.23,1,0,31,STYHL3865U,425080685699
user_27,59512,94551.78,9707,16.31,458,1,14.74,0,0,45,AYEQF4439Z,840797530232
user_28,44802,70446.99,15263,34.07,400,0,10.19,0,0,54,AEPNP6142O,170392872632
user_29,69229,138026.29,24173,34.92,629,1,4.6,0,0,47,STUDR0772R,338330401888
user_30,139891,230486.8,50807,36.32,330,5,12.76,0,1,23,XLZOL2386O,375687085459
user_31,82436,133338.64,29871,36.24,836,0,7.58,0,1,48,GRZFS8479Y,333153892766
user_32,40893,52770.76,6092,14.9,791,2,5.54,0,0,41,QIOAW7302O,455170136320
user_33,89815,158763.56,27623,30.76,588,4,9.8,1,0,22,RQUWI3233N,551303070227
user_34,39053,51783.6,2470,6.32,743,2,12.08,0,0,29,WBZQI3666Z,983982968863
user_35,112802,153734.48,41830,37.08,565,1,11.07,1,1,37,YDDIR4049D,610303022781
user_36,145122,86386.53,49925,34.4,693,1,13.8,0,0,47,VQSOG7325T,720888205350
user_37,57570,114224.46,19687,34.2,508,1,8.01,2,0,41,MALOE6937Q,512723951268
user_38,116164,86066.48,1067,0.92,680,2,10.93,0,0,43,PNGIL7088U,402273866299
user_39,76408,38618.74,7220,9.45,430,0,9.14,2,0,51,OXUFO9989I,642899262830
user_40,52957,98832.75,7912,14.94,731,2,14.98,0,0,53,FJIZW8273W,492563014391
user_41,30223,49993.57,2441,8.08,305,4,8.82,2,0,59,EVIAZ1642C,674920583663
user_42,114044,208771.37,13356,11.71,620,2,4.38,0,0,58,BRBDS3860Y,977322451075
user_43,133185,201383.41,38043,28.56,642,0,9.19,0,0,32,EMQGE8946Y,073551781036
user_44,53875,57453.38,14466,26.85,800,2,14.77,0,0,38,MINJD8204R,564260766961
user_45,83508,122992.15,15960,19.11,796,0,10.09,0,0,35,JKLID3571B,682142966846
user_46,56980,72034.84,16558,29.06,643,0,3.52,0,0,39,OCDXS4836N,988107741948
user_47,53589,51254.51,756,1.41,578,1,10.19,0,0,51,YPOBB4052O,918471167710
user_48,22451,26634.5,4663,20.77,618,1,9.16,0,0,27,XXZHB1596P,702293756459
user_49,73094,107372.46,6686,9.15,366,0,6.71,2,0,28,GNKTE1239S,358586987826
user_50,131917,114422.48,45645,34.6,422,2,4.71,0,0,59,VFCIB0764O,836351969398
user_51,92678,71774.67,20235,21.83,333,3,5.51,0,0,37,MIPZL1949Y,366148168092
user_52,73620,51788.59,8618,11.71,775,0,9.39,0,0,39,ZXRAT3814M,564695565866
user_53,113356,184293.2,30510,26.92,400,2,4.34,1,0,32,ODVRC6898T,555644755190
user_54,144691,210651.01,8309,5.74,473,5,7.52,2,0,29,TAYWN9229H,403586946267
user_55,54003,63209.87,7389,13.68,561,2,10.38,2,0,22,WRMKT5570E,253047643495
user_56,90679,104253.8,17561,19.37,360,5,9.98,1,0,56,MAIMZ8584N,260099527603
user_57,138786,178325.14,19125,13.78,825,1,11.23,0,0,40,LKUQC3980D,326878736755
user_58,56082,101035.32,9385,16.73,636,2,5.75,0,0,57,EANKN2048Q,938433929521
user_59,91682,179829.74,32066,34.98,722,2,8.79,0,0,31,GCDGC7748V,717978156581
user_60,101628,137626.38,37033,36.44,401,1,5.72,2,0,41,OBEQL3668V,276034606370
user_61,109275,127493.02,19703,18.03,612,1,3.65,0,0,53,SQWUZ7035Q,173192378035
user_62,143059,207450.68,30692,21.45,322,0,11.22,0,0,31,TMZQP4084Y,227778538802
user_63,34078,39117.61,4133,12.13,419,5,8.96,0,0,31,FHRJY0332R,398923880250
user_64,137461,189229.32,15940,11.6,647,0,4.38,0,0,34,NEJSQ2795R,469590906896
user_65,42988,53048.45,1169,2.72,470,4,9.08,1,0,50,FMLQG9719L,350941843979
user_66,81244,87441.67,24065,29.62,409,0,8.01,0,0,39,LRTTZ1119E,519726398050
user_67,99712,152815.43,8936,8.96,550,0,14.72,0,0,53,HEBDG7573P,838091810686
user_68,47943,93832.43,4540,9.47,757,1,7.95,0,0,52,MJIJF1417J,562972859252
user_69,44014,54065.86,8972,20.38,541,1,8.56,2,0,31,IHSTJ8835G,191271431220
user_70,33795,50167.85,6866,20.32,769,1,9.95,0,0,31,BXXIE4324T,863548967700
user_71,141667,149184.12,38410,27.11,657,1,14.53,0,0,47,WCKLB1470W,451384581657
user_72,129370,163980.92,14852,11.48,387,5,4.74,0,0,45,YELDW2258V,971650923121
user_73,54735,65281.62,20885,38.16,767,0,11.5,0,1,29,YTESA0615L,971540699286
user_74,107962,58336.31,6835,6.33,332,1,12.7,1,0,47,XDBYT9788Q,207494544578
user_75,137885,179150.65,36479,26.46,804,0,11.5,0,0,45,NZEWG1495B,023956393888
user_76,71861,95511.17,27704,38.55,418,5,12.44,1,0,35,WXYBL7550B,051262619336
user_77,114926,206964.75,9953,8.66,426,1,5.79,2,0,41,KXPEH5379C,032126194148
user_78,49348,89754.64,9203,18.65,412,3,12.37,0,0,59,YAFCU4996A,014257979990
user_79,32882,32965.87,12555,38.18,577,4,12.1,2,1,43,UUHLB6465H,660627728574
user_80,30584,49916.57,10544,34.48,712,1,9.09,0,0,26,KOWFV4546E,478450449812
user_81,112696,169973.29,1148,1.02,665,2,5.27,0,0,51,MOTJK8587O,990954639391
user_82,62693,91960.54,25074,39.99,567,0,9.03,1,1,31,TPBZJ5112Y,577606374415
user_83,98657,148017.45,29540,29.94,785,2,7.25,0,0,47,TICUS2794P,876868503930
user_84,106886,153353.42,14551,13.61,403,2,11.88,2,0,25,ITOTS0423R,037015818863
user_85,61455,92873.7,8220,13.38,765,1,7.79,0,0,25,LUWKA3273U,861577112603
user_86,125835,188200.04,3444,2.74,634,0,6.25,0,0,40,EVYEZ4518S,286272790970
user_87,43250,32150.53,1031,2.38,453,5,7.34,2,0,39,AAPRE2109O,677241509541
user_88,141900,98980.1,46083,32.48,505,1,6.71,1,0,58,YNEDN7097L,727118104625
user_89,29232,56658.74,1095,3.75,751,2,12.0,0,0,42,VYTEA8837S,260160898610
user_90,122415,194419.01,20544,16.78,305,2,6.47,2,0,41,NRKUK3755D,613040483938
user_91,87818,101462.62,17763,20.23,630,1,13.48,0,0,21,GTXQS2870G,760830880560
user_92,99804,158842.34,30504,30.56,495,5,7.62,2,0,24,RMRHW3396S,765650733827
user_93,125443,221055.95,34268,27.32,322,0,5.54,0,0,44,PPCIY5103R,252230748333
user_94,65599,40598.66,7871,12.0,601,2,12.07,0,0,25,VLJMB6641U,207439421721
user_95,27590,31547.57,10947,39.68,823,0,4.6,0,1,40,KUJRN8991X,751274941916
user_96,138922,236266.5,20466,14.73,301,3,3.76,1,0,41,ZPHVQ7443B,161275730603
user_97,58467,63222.66,7850,13.43,619,2,7.46,0,0,26,HILTM6771A,281506276112
user_98,71796,123242.09,3714,5.17,356,1,4.82,0,0,45,WAZUG4090C,588811167059
user_99,61073,74473.05,20943,34.29,741,2,12.83,0,0,41,MAKYR4229G,291447584479
user_100,39159,22205.41,13153,33.59,496,5,3.25,2,0,57,YAIVS9644T,992398815862
user_101,69294,105171.29,1492,2.15,602,1,9.86,0,0,42,YLKOH9335A,112817703935
user_102,85151,107846.09,20564,24.15,406,5,3.54,0,0,32,IAWCP3136N,795743176018
user_103,40762,74116.62,3472,8.52,314,4,6.54,2,0,53,YMDTG7319G,982316952210
user_104,112898,75866.17,38025,33.68,448,1,13.46,1,0,49,ZPAZS0277X,056748780244
user_105,99748,179871.75,27521,27.59,736,2,7.8,0,0,57,HYKFN5672F,112185589254
user_106,118091,200328.81,30570,25.89,647,0,5.08,0,0,50,ZPSDL0844U,300383552437
user_107,103935,184712.12,39861,38.35,525,1,6.56,2,1,24,WCOXH3734D,880146213541
user_108,50823,41271.69,14346,28.23,347,1,14.2,0,0,39,HAHMU1360C,589216427383
user_109,148593,184711.91,27146,18.27,713,1,4.14,0,0,60,NTEMR1754Z,896334118163
user_110,50450,54670.03,12863,25.5,815,1,11.12,0,0,24,JLDOD8737N,848082317963
user_111,68833,79552.89,4390,6.38,691,0,7.35,0,0,57,CRYLG7028F,077794038849
user_112,29017,44049.2,2798,9.64,391,1,9.14,0,0,53,UZWFF0194K,874896840597
user_113,140494,241238.96,14398,10.25,464,4,5.72,1,0,52,KLNHP8490G,564617680126
user_114,105826,122009.6,13504,12.76,511,4,14.1,2,0,22,PZWUU7960M,167555263973
user_115,139540,74425.25,50502,36.19,427,0,10.64,0,1,57,SNQLL5602U,434732713461
user_116,29332,23969.12,10420,35.52,744,0,13.2,0,0,58,YFMAO3584Y,618214581938
user_117,88975,165224.43,2462,2.77,792,1,4.51,0,0,22,MSDYO4368O,208521758062
user_118,31747,30753.36,6613,20.83,662,1,4.88,0,0,22,AHGQR2797J,784299827866
user_119,118225,108199.86,42020,35.54,319,5,8.29,2,0,38,EGRYV1306O,723398355765
user_120,145058,240617.13,43379,29.9,370,0,4.39,1,0,39,ZSFMJ3070N,272321664693
user_121,101380,91925.21,26460,26.1,673,0,10.62,0,0,33,ITHNR6171X,252301908574
user_122,138492,254195.41,37620,27.16,591,4,12.65,0,0,50,MCTEQ6792L,978882561330
user_123,140696,174993.11,55684,39.58,621,0,6.78,0,1,26,UXMIP1127K,654707824729
user_124,28762,35005.2,4889,17.0,785,0,6.53,0,0,36,WGJLM1347W,296937939466
user_125,128731,92519.29,9670,7.51,696,2,8.71,0,0,37,UGTRF6903Z,027813538690
user_126,64599,95136.87,14840,22.97,573,4,14.64,1,0,45,IKAZW3782O,476338400714
user_127,44357,33170.84,11008,24.82,718,0,13.19,0,0,38,GUDHQ1672R,225520696055
user_128,33615,23625.1,1114,3.31,336,3,10.08,2,0,42,GFFDR9318E,977782415746
user_129,104456,187471.74,8555,8.19,658,0,14.57,0,0,23,DCEGK6878B,021566295769
user_130,55533,45549.12,11606,20.9,606,2,11.54,0,0,55,YIFQF0747P,357607466371
user_131,90846,103171.73,3816,4.2,650,0,8.3,0,0,27,DUCTQ3904L,307160188848
user_132,57827,105201.78,9545,16.51,373,3,7.92,1,0,31,OYEAN6030S,746062967386
user_133,91944,125337.58,22516,24.49,356,4,13.81,2,0,25,MTSFJ8678E,632195253697
user_134,129809,77664.53,16580,12.77,440,1,5.88,0,0,30,JFSCH4435G,300999746260
user_135,50114,40251.82,14576,29.09,754,1,4.97,0,0,35,OEUEI2763T,853165953168
user_136,92184,113182.49,14981,16.25,518,5,8.96,2,0,24,HEVDJ3008U,416311187952
user_137,81826,99490.72,30041,36.71,644,0,13.43,0,0,22,ADGHE3752K,770939170507
user_138,108551,157914.75,38132,35.13,541,5,8.74,0,1,48,ACHBA0782M,088825964871
user_139,72054,118444.52,8211,11.4,535,5,10.01,0,0,39,AVUJL3061X,776774640222
user_140,35021,46307.36,5617,16.04,409,3,3.12,2,0,57,QWSJN5749O,405252129968
user_141,68833,47881.16,3869,5.62,397,5,9.46,1,0,43,KCJGF7772Z,503603622905
user_142,79415,88367.23,22342,28.13,712,1,7.99,0,0,33,MYQGE4418V,303323616926
user_143,57984,89598.1,3054,5.27,570,0,11.12,0,0,25,WUJVP9546K,963642308371
user_144,146983,271267.12,9128,6.21,634,1,3.81,0,0,36,IGSRZ6856K,975251503854
user_145,21630,36855.89,7588,35.08,601,1,14.43,0,0,47,XFVDZ3740A,177947648148
user_146,44746,53914.79,12496,27.93,420,1,3.13,1,0,29,VSZKZ2981B,203072506806
user_147,141151,196366.77,46153,32.7,827,1,14.17,0,0,21,KPMBK6867N,588945880557
user_148,39155,21049.26,4980,12.72,845,0,7.55,0,0,44,DRCSD4380D,482397588825
user_149,75741,80740.41,11332,14.96,434,3,12.72,0,0,45,JASAT0329E,163157425260
user_150,61224,60734.88,13159,21.49,709,2,10.26,0,0,35,ZGLIV7846X,230857476157
user_151,45808,54952.27,8755,19.11,723,2,8.81,0,0,53,XLTXA8993Z,437826979816
user_152,141321,81238.19,44381,31.4,767,1,5.8,0,0,21,EHJAH2129Y,661697105412
user_153,80250,119241.55,21050,26.23,699,1,7.77,0,0,22,FAYVD2372Z,562785895038
user_154,39338,48826.99,820,2.08,504,4,4.95,1,0,39,ZVFXH7886V,100617927647
user_155,57888,55000.9,2291,3.96,545,5,14.72,1,0,52,TRQGL1593D,946907261448
user_156,79836,63664.91,17928,22.46,338,1,6.0,2,0,48,ZNFIX1816T,461240247663
user_157,77048,131733.85,20189,26.2,461,5,9.27,2,0,25,IVGMB0272H,857000352999
user_158,122547,236505.93,26673,21.77,610,0,14.19,0,0,38,HADAU5127A,258545126359
user_159,98746,104556.2,34964,35.41,673,0,3.78,0,1,39,NPPII2130N,646761836007
user_160,97166,148703.95,24429,25.14,699,1,4.44,0,0,24,MKUFH4496Q,785560329466
user_161,119532,130053.9,45278,37.88,582,5,5.15,1,0,60,KQXEJ0563F,885973688921
user_162,141264,77612.04,55847,39.53,418,5,3.05,0,1,30,GXUEZ9539B,667923190906
user_163,128921,84188.27,27146,21.06,848,2,3.35,0,0,49,IJWDL5215A,743457660426
user_164,24799,47501.1,8378,33.78,735,0,13.7,0,0,43,VAKXA9096H,630668717003
user_165,100131,164451.03,19465,19.44,305,1,6.29,0,0,54,FJWYM1664R,038940539090
user_166,32101,61932.35,6242,19.44,623,1,7.86,0,0,45,ZWIAS7689G,034902164680
user_167,126566,208537.58,29772,23.52,792,2,12.85,0,0,42,CACPO9343W,072084052977
user_168,108943,217485.55,619,0.57,669,1,8.01,0,0,41,BZEBB9755F,998549783322
user_169,22963,28728.83,6188,26.95,337,2,11.55,1,0,56,LSTPP1418L,874053862122
user_170,35101,64775.14,11302,32.2,700,2,5.55,0,0,51,EEPJP2247M,210388970137
user_171,125278,93158.14,20202,16.13,661,2,14.16,0,0,35,UWDVS4991I,364371801339
user_172,110953,122115.45,39388,35.5,759,2,10.49,0,0,58,HHZJD9181K,799629296798
user_173,107387,81480.33,14560,13.56,333,2,5.57,2,0,45,OAYAJ2041N,306851411250
user_174,117182,149053.5,26774,22.85,558,2,9.28,0,0,27,SNUFC8694O,637272724208
user_175,35695,53103.1,2881,8.07,350,0,5.72,0,0,29,XMGKF1014W,406988578402
user_176,34242,50336.99,12532,36.6,461,3,7.05,2,1,33,GYVKW2758U,317971754085
user_177,91641,170251.14,29533,32.23,629,1,13.1,0,0,26,TTOLL2036G,539535676344
user_178,54746,80856.18,17587,32.12,769,2,10.06,0,0,52,EMMZL1362G,211698365533
user_179,111448,135567.52,21979,19.72,425,5,7.95,1,0,32,AONMH9382Y,772898313308
user_180,102522,108943.09,33285,32.47,677,2,14.13,0,0,60,JQAFH6351D,706249132995
user_181,88149,62074.72,30572,34.68,756,0,10.57,0,0,44,TZMDS6133N,619997943226
user_182,62256,51906.21,17131,27.52,306,2,11.7,0,0,39,IAPRE0279K,910499040652
user_183,128136,101077.57,29322,22.88,744,2,4.34,0,0,59,IOFUP2361D,398564325351
user_184,81352,53381.02,15132,18.6,580,2,3.94,2,0,22,KAFRE9565E,644288180760
user_185,41345,44412.45,8534,20.64,800,2,7.28,0,0,28,INLWI5404D,297859301722
user_186,30161,31062.59,10602,35.15,462,2,6.37,2,1,26,ABYXC9534J,945309228577
user_187,40301,58802.16,12555,31.15,493,2,5.23,0,0,46,VDJZQ7001F,575089599551
user_188,125677,236104.03,6276,4.99,533,2,11.61,2,0,42,MGOJS1777B,448068295761
user_189,109966,117148.78,35627,32.4,512,4,12.92,1,0,34,UPVUL9746A,572024529476
user_190,138842,139469.65,41834,30.13,728,1,10.92,0,0,36,LOSRK6682R,558811283041
user_191,133962,150550.09,13944,10.41,794,1,13.9,0,0,30,OFZUX5601Y,469580910991
user_192,29668,36314.91,2272,7.66,609,0,11.5,0,0,30,ABZPW1643G,512800945970
user_193,99084,98009.1,29739,30.01,509,3,12.3,0,0,36,LIQNJ7319L,707535116263
user_194,125268,226229.9,36643,29.25,522,3,13.0,0,0,54,GBJOD6756Q,589901839597
user_195,62181,35002.87,19196,30.87,508,4,14.18,2,0,58,KZLZF8211I,032881718605
user_196,140713,228136.1,12582,8.94,707,2,8.93,0,0,50,KIEUJ4433G,673149322610
user_197,60961,83982.88,23982,39.34,529,1,7.02,2,0,49,ZSJNL7630X,670067145933
user_198,57975,71184.85,9855,17.0,815,0,8.95,0,0,60,IBHRZ2693U,285030543520
user_199,89268,173262.22,2031,2.28,746,0,9.1,0,0,36,FQMDF8446T,023351310099
user_200,143251,203076.3,20525,14.33,561,5,9.19,2,0,26,PQXKC2362I,396516552926
user_201,139794,190399.66,3628,2.6,541,4,10.32,2,0,32,ZXCRJ9016H,030953816275
user_202,32119,30513.27,9514,29.62,828,1,7.14,0,0,34,UXMTN8471W,991481389722
user_203,149754,278934.92,22127,14.78,703,1,10.0,0,0,44,SMBZH4828V,514792203200
user_204,98063,131828.1,6657,6.79,582,5,3.82,2,0,49,ZFTAD3629H,386127022384
user_205,99879,61876.35,32390,32.43,602,2,14.71,0,0,53,FDWJC5839L,918944446621
user_206,124816,67015.13,46251,37.06,600,1,8.37,0,1,45,TRATE9866A,742692373296
user_207,48216,94281.74,10247,21.25,373,3,7.51,1,0,47,FTVXV3776G,558960842033
user_208,53478,78776.4,13990,26.16,735,2,5.5,0,0,33,MYHAA4834Q,761611612806
user_209,148887,211133.83,2676,1.8,570,5,5.21,1,0,50,KVOSE1556N,988975252266
user_210,49255,70912.38,1306,2.65,783,1,4.45,0,0,54,BJRZP7884T,891625307986
user_211,35022,65167.32,8940,25.53,376,4,4.09,1,0,59,TAGDZ5146Y,287328579804
user_212,50210,29011.19,8190,16.31,753,2,7.59,0,0,35,QIHMG1640B,339340199467
user_213,83423,45581.5,15146,18.16,686,1,5.4,0,0,51,GVHBE6183G,029343375155
user_214,46652,92420.33,7706,16.52,706,0,12.63,0,0,34,ANPVB3432F,934568849155
user_215,92308,77374.36,11561,12.52,802,2,12.91,0,0,50,WVYUK3444A,968587243073
user_216,98006,143554.7,10705,10.92,489,0,5.63,0,0,22,PBHGI7976O,410354329326
user_217,35012,42068.93,3298,9.42,603,0,10.93,0,0,23,ZVGBJ8788E,277912012823
user_218,47462,66323.15,2310,4.87,739,0,11.23,0,0,37,MTEUY7367G,916514908861
user_219,111717,58536.09,24128,21.6,749,0,12.22,0,0,55,VKLXE9673Z,930964350789
user_220,69750,49884.83,2959,4.24,666,1,3.65,0,0,23,QTYEE6549H,471022555373
user_221,146436,117514.39,14330,9.79,648,2,13.36,0,0,53,ENOZB6239F,185862902458
user_222,73470,80873.98,24592,33.47,802,0,12.17,0,0,55,OGCLD5653I,913726721082
user_223,45985,32470.85,5673,12.34,387,3,11.69,2,0,27,KQCUU7789M,529036370109
user_224,148361,183417.02,50517,34.05,309,4,13.54,1,0,42,HXRVR3192Q,044692525149
user_225,122504,121294.21,8505,6.94,426,2,10.24,2,0,31,VCJTB4571O,841173844608
user_226,127421,174424.19,15876,12.46,563,2,12.29,1,0,32,NRURN0361C,805640834977
user_227,85967,169785.12,20415,23.75,685,2,4.87,0,0,60,RWGHH7289J,254618141874
user_228,134936,80365.98,27838,20.63,850,2,14.43,0,0,40,ICXZA5170Y,812052862501
user_229,120122,69015.32,45260,37.68,697,0,5.87,0,1,59,WEGIR3199V,759082074205
user_230,116565,214568.3,36935,31.69,393,5,9.55,2,0,57,SHKYQ9684R,951335709643
user_231,91093,145456.81,33033,36.26,597,0,12.79,2,0,59,VFJGE8956U,627449775273
user_232,95547,66718.01,36971,38.69,466,0,13.06,0,0,51,RWAJT6011K,923591616576
user_233,101610,119368.25,40482,39.84,548,2,7.18,1,0,60,UUWGX7468M,629455223352
user_234,130237,119975.58,22216,17.06,340,2,6.18,1,0,26,DMYHO8023Q,180236184459
user_235,147922,74092.57,3904,2.64,548,4,10.66,0,0,24,HIYRW6810B,833002256074
user_236,149302,203491.25,28947,19.39,593,1,7.33,2,0,21,YTIRB3645Y,926734177548
user_237,24219,31038.18,1300,5.37,584,4,6.66,0,0,43,GHLTG6473Q,689725321164
user_238,87375,167585.29,9342,10.69,597,1,12.14,0,0,37,LMQIM0388Y,741485063756
user_239,111295,147929.06,18813,16.9,847,0,7.31,0,0,21,IVSTR5121K,298043959037
user_240,89826,51219.86,31906,35.52,345,2,9.56,2,1,58,RMNJV4418B,281386961525
user_241,41875,41324.31,4817,11.5,493,1,11.09,2,0,26,SXTNF7381K,906342878999
user_242,51930,84183.43,2155,4.15,327,4,12.91,2,0,56,NOMED3725S,384346998272
user_243,49722,96407.7,12563,25.27,514,0,6.15,0,0,47,NIQIX2855U,259023206494
user_244,99689,134161.26,6161,6.18,562,5,3.31,1,0,31,JLEEP4952L,062285120851
user_245,97116,192701.71,12544,12.92,353,2,8.6,1,0,32,EVHQL3920O,745218386258
user_246,33657,56174.41,6267,18.62,710,1,6.09,0,0,46,TWQRQ3318S,726239525022
user_247,88215,131730.93,10347,11.73,620,1,3.44,0,0,38,HZFDV9466R,071933530339
user_248,51516,60124.1,7751,15.05,791,1,12.93,0,0,59,QLXFG2507L,686565734086
user_249,47890,47055.65,8477,17.7,681,2,7.53,0,0,38,JYFEJ4153S,067528953468
user_250,107264,97776.0,13213,12.32,723,1,5.56,0,0,41,CSQHK6286N,310676579473
user_251,48303,91806.59,1098,2.27,441,0,10.17,0,0,60,DFGYY1447R,921801936426
user_252,39461,26229.54,8454,21.42,378,0,3.18,2,0,45,WBZZR7928G,131755245577
user_253,136558,198750.49,4030,2.95,523,0,6.93,0,0,27,KILDZ6156Q,845793790906
user_254,129814,240593.63,19685,15.16,530,1,14.22,1,0,50,CHLFG8149Z,478116993504
user_255,115727,71010.15,1650,1.43,517,5,10.66,2,0,40,ICJZD5604O,763574105690
user_256,66733,104993.45,5231,7.84,665,1,6.53,0,0,51,MMMAM7013I,250725794362
user_257,126401,226476.43,14051,11.12,521,3,9.96,0,0,51,HTKVB1013Z,914001034706
user_258,22029,21617.53,4190,19.02,707,0,14.43,0,0,25,SWTRE1247J,686255376116
user_259,39143,50770.77,9284,23.72,723,1,11.95,0,0,28,XBHTR6761E,255562583576
user_260,87900,96512.88,19410,22.08,481,0,7.75,2,0,35,FFGAM4735X,079287162970
user_261,78014,41772.98,7237,9.28,542,3,14.21,2,0,34,WSAKO6610Y,522225185603
user_262,68736,104558.16,27283,39.69,816,1,9.73,0,0,38,UXAZF0377X,087110605335
user_263,129890,203647.41,46536,35.83,848,0,14.34,0,1,29,DFSPV3836T,402119581792
user_264,127202,240098.09,32935,25.89,567,0,9.98,0,0,55,THUXF6473L,693886763986
user_265,93311,181143.36,14928,16.0,303,1,12.13,0,0,33,MKHPZ8057P,820605967004
user_266,34567,46819.8,10003,28.94,419,2,13.94,1,0,33,HBHIY8633T,505148982662
user_267,42435,64453.49,9584,22.59,529,3,5.33,2,0,49,ECEYN8578U,356029557027
user_268,93511,158007.57,7924,8.47,319,0,13.9,0,0,25,OPQTN2753I,316659033046
user_269,72729,130504.91,4208,5.79,507,5,10.84,0,0,50,YMUMP5260E,104638601274
user_270,140416,165985.98,47828,34.06,743,1,5.34,0,0,56,WHSUU5947A,441061517870
user_271,66564,126991.24,9743,14.64,754,0,7.14,0,0,40,SDMUL7735K,710367869904
user_272,122346,209346.9,16978,13.88,401,0,9.72,0,0,32,SXIRP6138E,232182888531
user_273,143512,213720.15,35962,25.06,652,1,9.35,0,0,33,AIYPD7979O,133090152432
user_274,106741,135342.66,10182,9.54,305,0,6.21,0,0,48,UANBY2481E,950410825215
user_275,64845,73409.54,8950,13.8,526,0,5.04,2,0,58,SIOVT5125N,966546622967
user_276,29449,57972.35,2818,9.57,739,1,13.44,0,0,57,HWYGA4555O,751182245005
user_277,124110,178901.94,45152,36.38,351,0,7.6,0,1,49,JGRGP4777B,893634131091
user_278,124946,214275.92,45529,36.44,498,3,6.99,2,1,53,CBPPB6725T,112206428233
user_279,77259,98470.21,6772,8.77,542,2,4.77,1,0,41,VCZJC6441U,392596345805
user_280,100168,63505.31,9655,9.64,835,1,14.4,0,0,56,TOSVD9763E,452534204011
user_281,54648,70595.89,4023,7.36,402,0,10.03,0,0,59,QKVIY4417K,084736542619
user_282,88858,127794.63,27391,30.83,542,1,5.66,0,0,50,FKXHS1253L,260562574242
user_283,136096,83537.93,46759,34.36,841,0,12.72,0,0,60,VPELR3871V,525893363531
user_284,21676,17132.48,5493,25.34,559,0,6.87,1,0,21,WMIUV1294U,267274197925
user_285,85786,82260.48,10839,12.63,825,1,10.42,0,0,23,KSXWU5220U,055959223996
user_286,125191,62799.05,26084,20.84,645,2,8.07,0,0,24,SHVAL9515Y,278543448031
user_287,76378,71816.08,27215,35.63,564,0,3.12,0,1,34,YDIQL0948E,926462365679
user_288,70714,123096.44,5173,7.32,453,3,9.7,1,0,32,SOUPY9648D,468182270447
user_289,127349,86884.32,38700,30.39,370,1,10.52,1,0,52,MNUQD6122Y,783605862662
user_290,56175,102799.72,7309,13.01,611,2,10.29,0,0,56,IIRYO9176S,867435179627
user_291,39234,48743.81,11773,30.01,520,4,10.56,1,0,37,WZECQ7315L,786390119441
user_292,46186,33813.65,8515,18.44,415,5,10.6,1,0,41,WOVXG5252A,316194214645
user_293,115731,88191.62,41730,36.06,722,2,6.45,0,1,41,PSJAF1299T,826615706221
user_294,128932,114359.23,713,0.55,473,2,6.59,0,0,49,FLKMA0121T,938853837916
user_295,92635,177882.96,16906,18.25,649,0,14.24,0,0,60,FLEAD6311J,762578774744
user_296,112564,168667.52,30471,27.07,402,0,6.52,1,0,24,IXWEA2909A,690894416594
user_297,89984,173924.8,13895,15.44,303,1,11.6,1,0,59,HFPQI7208H,329734469242
user_298,103459,85021.11,26257,25.38,329,3,3.39,0,0,25,VNQRW5606Q,734991080830
user_299,117458,68740.82,5705,4.86,421,1,3.17,2,0,24,WTCRE2553O,024414808077
user_300,140829,133075.46,10575,7.51,769,0,10.43,0,0,50,SQSOS6485T,927013450196
user_301,91904,120865.29,25253,27.48,314,0,8.4,0,0,41,MRGGZ7406B,526541423453
user_302,97128,122951.3,35230,36.27,531,2,13.57,0,1,60,VPWLQ7950X,387965796213
user_303,118540,75676.77,16238,13.7,719,1,11.71,0,0,21,EVLSH7046L,783494946498
user_304,127242,172154.92,20420,16.05,599,2,10.17,2,0,57,GCXVH9152N,133409732837
user_305,95080,134528.49,26484,27.85,339,1,7.24,1,0,40,PHWIB1609W,722807277701
user_306,84720,165812.05,27826,32.84,509,5,9.47,2,0,21,STTDE9901Q,085165982096
user_307,64581,66460.01,11092,17.18,403,4,4.08,1,0,31,XRZDS9353F,954661705119
user_308,28416,36366.33,7186,25.29,562,0,12.6,0,0,27,WNPTS5529I,216538562235
user_309,53811,75640.72,12776,23.74,813,2,4.37,0,0,54,NFRZD1103W,347971764125
user_310,62444,85878.7,17239,27.61,694,1,9.89,0,0,51,LHWNF6972S,844602902131
user_311,65309,33842.68,6891,10.55,485,4,4.23,0,0,51,SQJXF1974E,252010180636
user_312,53119,78363.93,14836,27.93,785,0,10.12,0,0,26,ZPSBY2763X,649739234578
user_313,37922,60306.95,9271,24.45,784,2,9.2,0,0,53,WIWAI6508X,085672520264
user_314,125976,167893.46,45756,36.32,725,0,3.0,0,0,27,LJREF5220Z,588699129808
user_315,135833,150574.12,29494,21.71,519,1,10.85,2,0,31,QSVMQ2454V,148496758393
user_316,126958,88032.61,21345,16.81,340,2,3.76,0,0,52,TVLGX8388J,311885196373
user_317,132345,133402.2,37570,28.39,615,2,3.37,0,0,57,HNOWN5539N,932361529120
user_318,48338,94452.32,9986,20.66,650,2,8.66,0,0,60,SMYND7415Q,211153655205
user_319,117994,187543.41,31392,26.6,789,0,3.13,0,0,59,TAOHI1590Q,572983081593
user_320,146982,88631.62,42364,28.82,448,2,4.04,0,0,60,JNSOO7426Z,639328568132
user_321,28915,53054.25,10694,36.98,556,3,12.43,2,0,55,RLUXL9271V,663943612350
user_322,131350,177186.64,49999,38.07,600,1,14.95,0,1,55,SBUET6236B,853084875259
user_323,44123,38328.88,17217,39.02,515,2,7.53,1,1,23,LATQO8001I,684411420799
user_324,20443,34070.04,695,3.4,400,3,13.24,1,0,57,XHGWN1866A,702667819152
user_325,63089,106077.35,12883,20.42,489,4,9.05,0,0,42,PNPNZ6928B,702412249701
user_326,49437,58765.65,624,1.26,540,1,14.53,2,0,54,SENPO2431R,161371930978
user_327,136257,228216.83,10207,7.49,548,0,5.63,1,0,48,VDUWA0918D,196164436293
user_328,110040,129232.36,35029,31.83,390,3,11.39,0,0,51,MNRFP7169Q,557917992336
user_329,66787,98254.69,22573,33.8,400,3,10.36,1,0,60,VOWOE8104H,329016230522
user_330,80397,78045.32,4092,5.09,738,0,9.35,0,0,27,ZDBBC1308Q,473265213671
user_331,59407,76074.74,17718,29.82,811,0,7.41,0,0,29,KPXIL9295Q,504317528195
user_332,149900,83909.74,30722,20.49,333,4,14.59,2,0,54,ONALL3214J,665233681545
user_333,58091,49520.37,20021,34.46,649,1,11.05,0,0,25,HWAJC2818L,544507057695
user_334,80273,82097.16,9997,12.45,674,1,3.76,0,0,51,NMKYX2906Q,757050358103
user_335,67367,51162.38,8497,12.61,663,0,4.96,0,0,27,TLRSC2588U,094119427936
user_336,97197,188703.11,8832,9.09,839,0,13.14,0,0,54,BMZVA5726W,474340017051
user_337,27986,27393.5,10291,36.77,382,1,8.87,2,0,39,TBQYH1191O,531103748441
user_338,109922,94171.4,32812,29.85,749,0,9.8,0,0,42,EAHKI1497K,021507209776
user_339,100821,189840.93,39673,39.35,608,2,9.53,0,1,53,BEJIQ9617F,293479658660
user_340,66195,123836.71,11034,16.67,541,4,11.32,0,0,51,HULFD4108X,613152074197
user_341,21011,29928.4,1174,5.59,843,1,8.23,0,0,57,ZLQSZ3373N,230887716484
user_342,118521,75758.15,4816,4.06,621,0,14.55,0,0,48,DQANI1887R,074935808387
user_343,126169,242177.25,2178,1.73,522,0,7.41,0,0,38,QVCNI2891R,754543388911
user_344,36592,37143.05,11108,30.36,311,4,13.16,2,0,55,THHMJ3842P,958788857948
user_345,93183,123167.12,23780,25.52,849,0,7.87,0,0,42,QXNEQ7200R,428125046515
user_346,114615,83936.26,24410,21.3,624,0,11.93,0,0,54,ELNRT6085C,123265238563
user_347,72638,139321.18,2733,3.76,618,2,12.14,0,0,55,EGDZO0355D,075020070650
user_348,98355,115414.11,16220,16.49,659,2,10.55,0,0,38,PVPPF7834K,235226301481
user_349,93815,170009.73,8418,8.97,812,0,14.08,0,0,25,GSBLP9276W,044981785216
user_350,97360,89983.83,9522,9.78,582,3,4.48,2,0,38,XQDIC7866E,352115213754
user_351,120945,138548.65,16352,13.52,409,4,9.27,1,0,42,TRLNQ7440P,703615854683
user_352,106352,180794.22,36158,34.0,308,4,13.33,2,0,32,HOAER8988A,569541945570
user_353,33396,38928.51,8982,26.9,339,5,11.48,2,0,32,AUDTB2454I,726724366005
user_354,91954,151362.35,1843,2.0,775,0,8.96,0,0,32,JJQDX6704P,445738861561
user_355,42459,44342.81,8955,21.09,470,1,13.19,1,0,52,WPAMM7798Y,543713007708
user_356,133209,166894.77,26894,20.19,625,1,14.42,0,0,49,ZIMRE8178Q,343049548285
user_357,88787,58762.98,18048,20.33,405,4,6.51,2,0,53,HXJGJ4954K,579035309092
user_358,64814,72780.13,22651,34.95,340,1,8.05,1,0,22,WZIGL0663Q,730494936485
user_359,106006,141385.41,33053,31.18,429,3,4.0,0,0,52,AEGUX6586H,033073094981
user_360,48303,61652.77,15155,31.37,459,3,12.44,0,0,39,JLXNH1933T,101918550204
user_361,140842,110086.11,21442,15.22,484,1,6.49,1,0,42,UPVOH2172G,140205830546
user_362,26353,31313.7,7663,29.08,340,1,14.23,2,0,35,SAIYR2320I,013998168350
user_363,95933,66053.02,20313,21.17,750,0,7.25,0,0,29,MTSYT9797A,787773566357
user_364,85799,116228.17,31910,37.19,359,1,7.64,0,0,54,KFGER5112K,841593153335
user_365,38389,43941.73,6626,17.26,507,1,11.54,1,0,33,LCVOR3143C,594691642786
user_366,48585,24714.8,16031,33.0,568,5,9.85,0,0,25,WYHDG9937I,507667962870
user_367,123941,118356.98,4686,3.78,454,5,11.5,1,0,35,CFMWI3332R,647922272283
user_368,143608,157164.65,52295,36.42,775,0,3.05,0,0,34,DTYOF4649D,191170086180
user_369,68717,79121.48,12295,17.89,345,1,12.41,2,0,32,MUDXE9097Y,735512224942
user_370,23077,24515.96,8892,38.53,801,2,8.3,0,1,31,VUMTP8677W,104748559350
user_371,72946,141409.63,28443,38.99,708,0,8.79,0,0,45,JRHST0992A,371604981032
user_372,63347,114885.04,569,0.9,804,0,12.65,0,0,56,XWKSD3672J,850769323004
user_373,108876,134153.39,41723,38.32,803,2,7.8,0,0,39,ZLPGJ0299J,408885947347
user_374,36535,39366.19,421,1.15,398,1,8.62,0,0,28,CPQJT9262W,822008824799
user_375,110171,89219.61,14201,12.89,778,0,6.53,0,0,53,WLZRJ7282X,975398373403
user_376,27590,48166.93,2370,8.59,636,2,14.57,0,0,25,LFOVB3803E,594543680017
user_377,115001,187141.87,15419,13.41,712,0,4.14,0,0,51,LCDKG8273P,574681533130
user_378,89630,128674.09,6063,6.76,604,0,8.29,0,0,49,FLJGX2862O,032548841130
user_379,117328,208773.76,42862,36.53,809,2,4.87,0,0,29,ZETGQ2595J,395423323405
user_380,31708,40050.71,3288,10.37,378,3,3.24,1,0,31,BNYOM8096E,244557231150
user_381,90492,135063.71,27493,30.38,605,1,6.98,0,0,52,WCGMC8351Y,005050646499
user_382,124692,107415.87,12899,10.34,784,1,11.9,0,0,49,ZUDKJ9523I,116602928071
user_383,59303,74744.06,18660,31.47,433,3,14.35,0,0,30,RJGHY1536B,550869032255
user_384,110994,124930.61,16015,14.43,486,1,9.77,1,0,23,JVYRG6288M,776366199875
user_385,128272,154243.12,32367,25.23,775,1,12.09,0,0,55,ANFAP5036W,381319943887
user_386,81025,92243.1,25452,31.41,779,2,14.42,0,0,46,GFAQM7798X,802941140653
user_387,96476,152926.21,2779,2.88,508,5,10.22,1,0,30,WFLWL0749S,693574082105
user_388,83747,90365.38,22549,26.93,392,0,11.99,0,0,57,KASML5419W,695123558248
user_389,55423,98476.46,18603,33.57,394,1,5.23,1,0,46,XYETY1822O,288084666852
user_390,135760,122882.53,12010,8.85,400,3,3.2,2,0,36,JCVGG8002G,002464410578
user_391,94044,102205.28,6905,7.34,580,1,7.16,1,0,30,RKYMA2631K,925628061148
user_392,92338,178528.9,18015,19.51,380,5,7.58,0,0,34,FOPGD8798S,477856250527
user_393,104997,75931.71,8666,8.25,375,4,4.79,0,0,59,VHTRO6522F,328720911713
user_394,68730,44612.5,13950,20.3,665,2,4.05,0,0,40,LUEII6905F,670402147648
user_395,60062,41283.89,14224,23.68,543,4,5.6,1,0,43,LOFOW4181K,312839793387
user_396,119933,237505.48,42731,35.63,337,4,11.59,1,1,41,BISAA2952D,200542284517
user_397,66617,42248.74,1726,2.59,797,1,8.86,0,0,45,ZQVFK1861O,428279407035
user_398,146121,283408.94,31927,21.85,396,5,4.26,0,0,53,YBFEC3965L,731879728062
user_399,40394,63216.87,14940,36.99,431,4,9.55,0,0,22,EVDYT4499B,056351281253
user_400,28152,17543.24,7789,27.67,366,1,11.67,2,0,56,XMOMM6582Z,373586419057
user_401,134916,88987.21,4259,3.16,440,2,3.21,0,0,40,ZTXZR0203X,241557351608
user_402,61147,68257.98,19310,31.58,681,0,4.59,0,0,32,JIVCM9159V,332827884972
user_403,68299,120159.98,6048,8.86,839,0,11.64,0,0,32,XDXBE0947R,810695547275
user_404,53600,84530.18,14204,26.5,331,3,12.5,0,0,42,ZTYPX0388H,739389518382
user_405,55472,85474.16,10306,18.58,528,1,11.52,0,0,41,HHLSN6964N,537198699688
user_406,57644,89482.58,1688,2.93,374,3,4.02,2,0,33,QFLOF2600P,310371198041
user_407,139673,134535.67,39245,28.1,778,1,8.59,0,0,56,XJTUG9180T,928188084850
user_408,91080,78501.48,18377,20.18,517,5,3.57,2,0,32,YCVMW0201O,855993193011
user_409,101998,188440.53,5216,5.11,508,1,7.51,1,0,45,SHAIH2982B,473768604374
user_410,73271,143805.79,12769,17.43,445,3,4.63,0,0,35,BUQNG0916G,948175872426
user_411,81807,96775.83,2713,3.32,337,0,3.67,1,0,60,GJGEI1182C,119976910355
user_412,122914,117073.92,44683,36.35,311,2,6.05,1,1,38,NQURN3604D,239488999815
user_413,45347,86969.39,13468,29.7,307,0,12.52,1,0,26,XEWLF1607S,164157203808
user_414,45407,68543.29,3942,8.68,377,1,13.37,0,0,24,BXMNS9505H,479897784061
user_415,113151,70969.53,14872,13.14,515,0,13.67,0,0,49,FYDXN7144A,260817182784
user_416,97246,94597.59,38845,39.95,323,1,10.21,2,0,59,RGCZC5535C,234773891568
user_417,78015,96537.79,18870,24.19,714,1,8.28,0,0,25,EVMJU5343V,851106594927
user_418,99914,165002.75,34279,34.31,380,4,9.94,2,0,40,OCVMO6086Z,798817797501
user_419,87953,64526.9,9153,10.41,672,1,6.08,0,0,60,NKZMU0176C,824826927458
user_420,106776,197047.12,13903,13.02,349,3,11.15,0,0,46,DYQWW8725B,135101240083
user_421,140510,279040.87,4474,3.18,844,2,7.81,0,0,50,IGGTF3655Y,870643924137
user_422,127715,191252.23,45894,35.93,645,1,10.19,0,0,24,EFWSY2361W,008960092723
user_423,140679,184243.59,30629,21.77,695,2,6.63,0,0,28,VZHAD4272C,892671285600
user_424,34214,65462.05,372,1.09,722,1,11.74,0,0,43,USLXV5880N,361656982503
user_425,43385,45844.27,13075,30.14,556,3,12.72,1,0,50,LEUNY8167A,216091300703
user_426,24964,20020.53,6552,26.25,696,0,14.04,0,0,41,WLICC7356M,146812613568
user_427,21229,30854.26,1752,8.25,596,3,9.54,0,0,51,SBYGR9884L,673690265521
user_428,118379,115154.58,4956,4.19,769,2,7.29,0,0,35,ZWHWI7470F,641971133053
user_429,105511,172716.64,13265,12.57,335,0,14.75,2,0,42,HMYAU0560W,730767328281
user_430,89073,126087.72,19605,22.01,629,1,12.29,0,0,27,BQYNW3876M,720703631960
user_431,72189,73580.83,11351,15.72,503,4,13.12,1,0,42,DAGFA5104Q,295359329348
user_432,138240,144267.14,29739,21.51,846,0,11.99,0,0,39,PGWED5105U,596099367730
user_433,43553,44955.01,11443,26.27,528,5,3.99,0,0,52,OQEZW6172S,559469649382
user_434,64321,88636.67,1984,3.08,375,4,8.67,0,0,31,AZXII2486U,153014092977
user_435,58541,95315.33,21231,36.27,433,5,3.73,0,0,57,GGHWC9388D,561797269515
user_436,42972,38349.12,9954,23.16,334,1,14.89,2,0,41,WERCO6116V,957934012374
user_437,136842,265780.25,37603,27.48,822,0,14.05,0,0,31,IQQXL8598M,593345059770
user_438,62767,73857.38,16785,26.74,736,1,10.9,0,0,25,KLLYK9635W,209707093436
user_439,134557,205032.47,26501,19.69,376,0,4.05,0,0,59,XNEZZ3899A,796731707282
user_440,135362,265562.08,1375,1.02,828,2,4.94,0,0,22,TNHTK8099D,099751301964
user_441,127947,153037.79,44126,34.49,589,0,13.83,2,0,31,WNLVY2382X,277052036576
user_442,85262,146513.34,2174,2.55,588,3,12.44,2,0,57,LHXNO4237M,841646886377
user_443,122883,221448.69,4587,3.73,477,3,14.12,1,0,33,SAZUT5614M,146466363805
user_444,113680,163759.51,4302,3.78,662,2,5.86,0,0,43,NTYCD4871S,061243130345
user_445,73868,58145.24,13017,17.62,332,1,7.89,2,0,45,GJHFD8168F,023585025420
user_446,121160,102021.67,43274,35.72,504,5,6.61,1,0,33,FGLVK2096G,529538182680
user_447,72736,134659.91,23727,32.62,505,5,13.72,2,0,28,KVOEJ3943Q,020491199076
user_448,55667,28686.4,653,1.17,603,2,5.1,0,0,48,UKJJT4054S,207880784765
user_449,68095,113918.22,14993,22.02,498,1,9.46,1,0,56,AYLLA0178P,762006282683
user_450,45856,76409.35,11444,24.96,575,5,7.99,0,0,40,LMQEM5531E,228329514692
user_451,145041,262624.04,49395,34.06,571,1,12.75,2,0,53,RIMCH2798D,177612541259
user_452,50421,98756.22,19934,39.54,396,3,7.66,1,0,43,BLPDZ8505F,593481657784
user_453,36640,31700.31,12434,33.94,326,2,14.97,1,0,42,BCSNX3942Y,524209317639
user_454,64121,110777.72,17167,26.77,678,0,9.12,0,0,55,BBBIA4859P,982993297263
user_455,123704,77583.35,3086,2.49,787,1,8.7,0,0,48,ECCUT8909Y,410780707746
user_456,123109,173741.88,47384,38.49,750,0,9.33,0,1,50,LUITE9084R,773973375771
user_457,136381,69722.4,33337,24.44,774,1,13.9,0,0,49,HJFCF2165Q,366025441075
user_458,103517,116721.34,31503,30.43,707,0,11.6,0,0,45,DYBBZ6898U,681000855411
user_459,38703,53898.15,8123,20.99,335,5,11.79,0,0,28,CQKLS9916C,532846141043
user_460,41654,60308.23,9526,22.87,768,1,13.75,0,0,38,PZPUX7551B,227665503580
user_461,54901,53256.4,13336,24.29,464,4,11.89,0,0,59,DXFCI1507B,861543387686
user_462,117110,140106.12,3696,3.16,640,1,3.16,0,0,52,SZFUD8677W,078842160173
user_463,97627,153710.99,9311,9.54,674,0,10.04,0,0,37,LLLEG8412E,363453764265
user_464,64183,127307.02,727,1.13,323,3,3.99,0,0,49,GQSOJ2585E,747332430239
user_465,68076,109542.25,15324,22.51,481,3,9.92,0,0,40,IMDLB2153X,345929766014
user_466,145298,203759.02,9031,6.22,539,2,9.13,0,0,41,IOYCL3281W,164385313295
user_467,119895,169025.27,47726,39.81,310,4,6.43,0,0,31,EOALE6656N,304759730082
user_468,51130,56984.89,3416,6.68,577,1,14.81,0,0,60,NAPZO1098Z,365830427003
user_469,88703,99488.93,14066,15.86,414,3,9.98,1,0,35,HMYDU6289C,910877728785
user_470,123758,197084.3,32252,26.06,639,2,7.37,0,0,21,FNYFC5169F,496942694980
user_471,145529,194599.98,36172,24.86,576,5,10.12,1,0,50,YLNOJ6765P,731869448269
user_472,75608,108350.97,1866,2.47,818,2,5.15,0,0,21,ZIGSA4101T,793268946910
user_473,61959,68382.67,2076,3.35,448,5,13.31,1,0,35,KMPWR8370L,745256352536
user_474,144643,197608.88,41469,28.67,680,1,3.56,0,0,34,OBEFY1228K,096355517036
user_475,36055,59534.32,2965,8.22,344,5,4.36,0,0,31,XTKDR8193U,936139495769
user_476,27988,24539.57,5001,17.87,628,0,12.13,0,0,56,PVVIE7125K,096634996979
user_477,76947,93088.71,8064,10.48,699,0,5.83,0,0,24,DNGAN4220J,416598680153
user_478,48707,58798.16,3547,7.28,378,5,9.95,0,0,27,JDFSQ8269A,027078286396
user_479,89924,118303.33,8977,9.98,301,4,9.64,0,0,50,UGPLB9905Q,091214869478
user_480,81554,143242.08,3276,4.02,602,1,6.51,0,0,56,APACW9802F,293026174213
user_481,126706,133385.55,45199,35.67,607,1,12.4,0,1,24,DNFLI6865T,827094644644
user_482,136257,165470.19,37700,27.67,349,4,12.22,0,0,41,HUZFK3969C,265577348017
user_483,89970,105269.21,8498,9.45,379,5,4.87,2,0,54,DIOHW6412A,846611700381
user_484,74314,86885.23,6064,8.16,338,3,8.65,0,0,49,GBTDQ8883P,321765931049
user_485,145129,264415.08,37502,25.84,448,2,5.76,0,0,54,BFKDV4309J,933851205366
user_486,80469,54296.44,8672,10.78,430,4,6.0,2,0,38,PBIYX7591G,974293232227
user_487,54517,54758.77,13605,24.96,580,4,4.96,2,0,55,GGTRL7909C,393986386632
user_488,121510,136110.66,45424,37.38,667,1,8.04,0,1,43,XEDBT6997A,200797568608
user_489,149754,124179.74,50271,33.57,503,5,4.52,1,0,34,STDNF9492P,773325726767
user_490,21127,39159.76,116,0.55,463,3,4.96,2,0,24,PIEAY2888P,679279208105
user_491,109799,125095.99,7179,6.54,519,1,10.91,2,0,23,YVEYM6415M,273824950862
user_492,106442,64459.42,33970,31.91,499,0,4.15,0,0,47,DHJFQ1877U,978835943734
user_493,97349,57543.26,13859,14.24,364,4,4.39,2,0,26,ERZHU8121S,913244120817
user_494,54313,45515.69,10662,19.63,841,0,3.78,0,0,49,XMHHD8866W,595565251433
user_495,58636,34160.43,18056,30.79,662,1,12.89,0,0,22,HMEPH6271Z,278391268175
user_496,125510,141913.3,26693,21.27,321,5,5.23,0,0,47,MVAFP0065B,816081785482
user_497,87298,100374.92,20942,23.99,780,1,8.08,0,0,27,CVDYN4300A,204937978295
user_498,45865,70779.41,7041,15.35,437,1,6.99,0,0,53,WOBGH8983A,805231434015
user_499,127275,213880.96,2824,2.22,432,0,13.5,2,0,22,JKHWL3419L,710704216402
user_500,106529,188072.47,660,0.62,323,3,14.7,2,0,33,OISXE9281B,021773258783
user_501,137309,133752.77,27405,19.96,587,1,4.12,1,0,36,VKZQL9283Q,578064163910
user_502,112342,107494.2,36361,32.37,524,3,7.32,2,0,41,WOYVO7904S,380389454547
user_503,101596,93347.24,13,0.01,766,1,8.47,0,0,29,KJUTD5604C,103586233749
user_504,113616,177036.01,35263,31.04,316,0,13.14,0,0,23,KBJVY6357S,339712905818
user_505,105220,136737.81,15766,14.98,719,0,7.29,0,0,51,AKTIG2314C,088644657109
user_506,72801,122523.21,6190,8.5,777,2,12.92,0,0,55,GPCLQ5317N,103938603842
user_507,79928,118533.95,7318,9.16,713,1,4.49,0,0,42,UPYER5237W,243701410014
user_508,22259,41198.13,7649,34.36,494,4,13.77,1,0,48,AQRDS9470D,049730675952
user_509,70042,99172.77,27741,39.61,805,0,3.37,0,1,48,GTWSL7387J,214776380947
user_510,109527,122868.59,33962,31.01,547,5,8.32,2,0,32,OPKXW3420J,398326029868
user_511,120364,163550.48,21104,17.53,495,0,14.17,0,0,44,CYMML6799F,209832152804
user_512,100231,89249.12,21937,21.89,571,3,13.25,1,0,28,WJUEK6256P,228153504329
user_513,48738,71405.89,4757,9.76,763,2,13.56,0,0,26,PINUS1029Q,143229257387
user_514,139623,251394.23,53649,38.42,574,0,7.01,2,0,59,WUBPA2850M,625914778859
user_515,98654,152861.52,1774,1.8,774,1,10.79,0,0,43,RXMKF4817G,639787195732
user_516,68671,74028.54,21324,31.05,468,5,9.57,0,0,39,YRFKK5399C,800613776545
user_517,92759,85869.34,29727,32.05,388,3,7.58,0,0,59,KCDMK7637A,512292551101
user_518,121077,124877.57,16245,13.42,640,1,11.44,0,0,51,DQWRY2813D,909733894820
user_519,33286,27887.15,11500,34.55,379,4,10.98,2,0,45,ARHQA8308N,921528376572
user_520,87025,51374.27,9552,10.98,814,2,8.9,0,0,40,CIFMQ2736K,087309995383
user_521,82536,77604.71,30708,37.21,434,4,5.73,2,1,32,NBYDZ0967U,237009232442
user_522,59287,95603.45,8913,15.03,518,0,6.51,2,0,28,XWXLZ3004L,530585721702
user_523,140609,71617.6,24834,17.66,436,5,13.04,2,0,24,AXUZD2335Q,838016047504
user_524,130113,143524.62,35788,27.51,385,2,13.75,0,0,25,LEPMU2210L,452441143598
user_525,136446,248567.6,37515,27.49,398,5,12.11,2,0,40,WKLUA9353S,933362493843
user_526,96439,165003.15,18234,18.91,527,3,13.49,2,0,51,JMAKR8472N,718476056481
user_527,91486,146782.56,36341,39.72,523,0,4.86,1,1,27,NQOMJ0088V,719864458798
user_528,47827,85442.94,5872,12.28,767,2,13.16,0,0,58,OPCDT1638G,759543110989
user_529,114723,162075.56,38551,33.6,834,2,3.81,0,0,47,FPRHL8740K,083607346215
user_530,102319,102341.93,29083,28.42,458,1,7.08,2,0,33,RPIWD3005A,841606218697
user_531,77729,42297.9,2651,3.41,840,1,8.87,0,0,41,XIKJQ8854Y,588128038969
user_532,106419,101192.53,22490,21.13,539,4,10.18,1,0,22,SQCFG7542R,053256162517
user_533,50506,77113.27,129,0.26,778,2,14.5,0,0,32,XVHHU9902Y,417546225645
user_534,136089,231581.71,42109,30.94,807,1,8.84,0,0,47,PMUWL6725G,722321119735
user_535,120553,161996.24,47985,39.8,745,1,9.79,0,1,48,EWODL6099O,774847452690
user_536,142842,155493.79,56972,39.88,580,3,4.22,1,0,57,FVWKA0715J,789370583233
user_537,101202,106047.07,6159,6.09,521,5,12.95,0,0,47,BPEEJ2125V,012211834209
user_538,130877,186969.17,16324,12.47,658,1,9.57,0,0,25,LIINX6214U,090681971251
user_539,118905,235487.26,29426,24.75,836,1,6.94,0,0,38,ORBUD0511V,748544573954
user_540,21813,26421.85,1385,6.35,320,4,8.34,0,0,21,MNBVP7626H,997731366367
user_541,50638,84379.38,18184,35.91,640,1,3.26,0,1,48,BFOXI1051S,154980625732
user_542,32437,24037.08,11678,36.0,485,3,6.48,0,1,36,SUWXN2800K,574022277439
user_543,147249,232073.02,13448,9.13,671,2,9.47,0,0,26,VTHMF0226J,469133436781
user_544,22853,40048.52,7388,32.33,406,4,3.98,2,0,25,VDTPB2714Y,962451697007
user_545,44076,54855.35,8884,20.16,775,2,5.75,0,0,44,WXJOH3152S,731697779350
user_546,131437,245670.14,19461,14.81,648,2,14.41,0,0,41,MMXXN7028G,098598978215
user_547,47790,82429.87,14483,30.31,565,4,11.51,1,0,37,KVMTX0045H,363522654034
user_548,26771,50867.61,4999,18.67,675,2,8.25,0,0,36,UEWHK9251W,424638147016
user_549,90640,166510.32,12686,14.0,384,2,10.02,0,0,28,RFEPQ3315U,761587613895
user_550,137607,168994.57,43567,31.66,702,2,5.01,0,0,51,ROTKR7232I,380437581544
user_551,72102,49998.61,3296,4.57,777,2,10.32,0,0,43,FITJA6198A,436527574035
user_552,73835,140864.9,11673,15.81,642,0,9.65,0,0,43,YYFLC1961V,260527250096
user_553,85599,126267.23,34078,39.81,636,1,9.11,0,1,27,IUFTS4876F,119693580914
user_554,22259,11655.81,8047,36.15,409,4,4.31,0,0,49,GYSPK1736R,136394484866
user_555,28397,54838.05,608,2.14,774,1,13.82,0,0,33,NVXEG6495C,796649323878
user_556,25162,47599.01,7589,30.16,762,0,14.98,0,0,34,JGYGW7626V,303576960801
user_557,25753,15384.07,2737,10.63,653,2,13.48,0,0,31,VQBOC5981Y,481386908099
user_558,80722,140271.53,4868,6.03,474,2,8.9,1,0,26,AYQSI1747D,790123017173
user_559,72030,129983.18,25432,35.31,442,0,3.01,0,1,45,HFYHO1254T,126814918236
user_560,59033,51744.51,7724,13.08,309,4,12.19,1,0,35,QVOMG3475W,749676474706
user_561,53204,55923.35,53,0.1,364,2,8.31,2,0,43,NMRGR9194P,461215851386
user_562,104292,76238.39,38175,36.6,684,1,7.76,0,0,32,LZOJO4336Z,104549093034
user_563,135968,136274.5,548,0.4,546,1,4.59,0,0,59,ZHIKQ5101G,782223340764
user_564,133920,192411.31,28509,21.29,590,5,14.68,0,0,31,NFJUK1432G,587863159066
user_565,50971,61202.41,14986,29.4,675,0,11.56,0,0,38,IMHLW6351O,730007060421
user_566,144831,261349.36,15851,10.94,576,4,9.3,1,0,53,NSCJX7156Y,072603496298
user_567,74409,73170.47,14977,20.13,829,1,10.98,0,0,56,EKTER8703W,532712906985
user_568,35969,69706.36,2110,5.87,679,1,7.5,0,0,31,IIPFP0585B,475959926326
user_569,75950,85062.32,21421,28.2,471,0,8.52,1,0,23,FLFXZ0132I,419813077709
user_570,20278,28548.0,43,0.21,541,5,10.23,0,0,55,NSHYM1384D,847872275651
user_571,89826,60832.2,844,0.94,444,2,7.47,2,0,23,IYFLA2003F,777511055790
user_572,96637,67682.93,555,0.57,772,2,11.86,0,0,57,KNVZK1964C,367740785783
user_573,50043,70923.05,4091,8.17,321,0,10.19,2,0,53,OBRHW0081F,483646277217
user_574,84685,84424.51,14771,17.44,339,1,4.58,2,0,37,EDXSO5642G,917921432118
user_575,101440,63240.15,13928,13.73,504,1,13.89,2,0,31,RTQWA6295F,106677167980
user_576,72969,77013.74,17249,23.64,525,0,6.51,0,0,39,TEINV4981U,026044901769
user_577,97946,50558.58,2737,2.79,443,4,3.47,0,0,25,AZVTU5934P,208789654632
user_578,98185,158539.99,21341,21.74,441,4,4.65,0,0,23,SKSFG6019W,664475400318
user_579,130091,122022.52,8396,6.45,370,1,8.85,1,0,28,QJHEN0873W,591504394018
user_580,38657,32797.79,5908,15.28,837,0,9.59,0,0,60,WSYIY4098U,606621050854
user_581,37223,43989.67,5164,13.87,587,3,6.47,2,0,60,MGBOT2918U,359365151452
user_582,143244,87228.85,21596,15.08,364,5,5.42,2,0,55,KTYFE0043R,217975851423
user_583,117513,132877.73,11593,9.87,549,0,7.71,2,0,33,WYEOF4387A,757910211576
user_584,90521,97406.91,32972,36.42,336,5,3.34,2,1,49,BJPEU7127Y,892017042523
user_585,139661,93657.61,51424,36.82,715,0,7.19,0,1,60,JWRBN4932P,050831231927
user_586,27595,44576.38,7640,27.69,637,0,11.59,0,0,22,TSVRM2008V,004488236250
user_587,108400,213740.37,1750,1.61,683,2,4.72,0,0,42,XYZHQ1074G,469177198700
user_588,143940,238413.7,57382,39.87,566,1,8.5,1,0,24,PANZV3980G,876337529439
user_589,105619,133682.22,10389,9.84,456,0,7.42,0,0,27,CCJRJ1554K,681112201329
user_590,64370,88655.99,19527,30.34,346,0,11.49,2,0,34,LNHGG3955Q,429008144829
user_591,30378,46671.86,7287,23.99,703,0,4.57,0,0,30,VZDSO3300G,395038537458
user_592,137279,106459.35,43185,31.46,590,4,3.96,1,0,36,SRTVZ9002S,273723321747
user_593,44696,55251.24,6486,14.51,778,1,12.89,0,0,39,OKXDQ1973Q,937100141910
user_594,149286,78638.96,1913,1.28,663,2,12.74,0,0,28,EFCPH4719Z,559466469001
user_595,87589,134890.8,11638,13.29,431,1,12.32,0,0,30,BVOJQ6589I,944899486904
user_596,121605,67682.95,44351,36.47,828,2,6.27,0,0,28,NFBAB0613H,638558890705
user_597,58596,95210.66,17089,29.16,552,3,7.44,2,0,45,HNTBL0932S,145601809043
user_598,112771,89855.61,907,0.8,323,4,12.17,1,0,34,ATEAB2836J,936219244454
user_599,109032,181351.94,5182,4.75,649,0,3.95,0,0,35,VZXNH2632V,199552997633
user_600,27771,18023.72,786,2.83,789,2,6.86,0,0,39,MYXVE2102A,068676127389
user_601,141987,195241.19,16772,11.81,763,2,9.54,0,0,29,ZSBHO0266V,610974962722
user_602,139347,227849.32,46875,33.64,438,0,10.56,1,0,32,GZCSO4325G,804667018820
user_603,145330,287282.01,54480,37.49,509,4,13.75,2,0,54,DFOVX9168Z,748878343568
user_604,107982,84730.43,37648,34.87,829,2,10.01,0,0,31,LYXJI9797Q,557859403839
user_605,82858,55568.65,32295,38.98,329,1,13.49,0,1,57,UIRNF3513A,867282896901
user_606,32830,23745.83,5294,16.13,559,1,14.55,2,0,53,TCIBD4934E,270730429098
user_607,123761,198050.94,15768,12.74,333,1,3.66,1,0,41,JNIZJ1737V,855044812101
user_608,65515,62884.49,6725,10.26,751,1,10.58,0,0,40,KSXGT6280Y,046107012394
user_609,34630,21264.86,12962,37.43,537,4,13.3,1,1,46,YTINI7230G,649019816985
user_610,111763,116107.3,34401,30.78,807,0,4.59,0,0,51,UFQEP9190C,299402870061
user_611,116655,103947.07,20077,17.21,586,4,5.57,2,0,39,IXNXH2439U,700972360201
user_612,145822,153972.57,33126,22.72,454,4,13.19,2,0,55,VSRFZ5219Q,278911000568
user_613,99515,81270.85,13825,13.89,546,0,5.18,2,0,43,ZOTOH6496U,776714813784
user_614,96236,100295.24,6910,7.18,539,5,9.99,1,0,58,POEFT2533X,768441407091
user_615,43610,58816.56,15702,36.01,700,0,9.7,0,0,34,MTKXD6646Z,408833880159
user_616,91758,150358.48,16797,18.31,526,4,3.11,0,0,30,KLYWV6718V,442496209493
user_617,62401,66058.02,7626,12.22,687,1,4.05,0,0,53,IERPV2209X,197252263524
user_618,114810,150908.29,5608,4.88,644,0,8.53,0,0,54,FLLBF6451K,635611175767
user_619,77739,106200.43,2220,2.86,617,0,4.81,0,0,41,CJPFO4230I,487879099423
user_620,81915,77578.88,28041,34.23,754,0,4.69,0,0,60,YLKGQ1080U,818160235243
user_621,123933,90170.12,7360,5.94,494,1,9.82,2,0,25,RYPMC5625F,141904335977
user_622,47815,35440.94,17096,35.75,352,1,12.99,1,1,43,OIBDB4199X,998682431738
user_623,35413,37258.07,8042,22.71,837,1,6.53,0,0,52,SRYKW5652Z,153187278987
user_624,86699,66710.65,254,0.29,499,4,14.39,0,0,38,PRMIY5412Q,399676938088
user_625,43611,34071.2,11022,25.27,529,2,7.89,0,0,48,MVVLF4772O,318804880176
user_626,143983,185632.53,26415,18.35,767,0,9.4,0,0,25,QOWIC0002C,574847023010
user_627,148646,100084.59,18176,12.23,574,3,11.77,1,0,48,RJCNV5974E,581065764047
user_628,64105,61192.92,4911,7.66,709,1,5.58,0,0,36,BVQPP0150Q,670374089236
user_629,138085,223968.59,12004,8.69,542,2,11.1,0,0,22,SICKS3991Z,086392951399
user_630,71809,80261.38,28255,39.35,826,1,14.53,0,1,57,SCXHH1535A,374305467709
user_631,28556,18987.07,5305,18.58,382,3,12.04,1,0,22,AOYTG9315L,299269280900
user_632,92689,139445.27,5116,5.52,554,4,8.08,0,0,57,RZEDG8933O,135587751753
user_633,31077,39444.73,8438,27.15,652,1,8.98,0,0,55,GKUBX2900T,425727858830
user_634,149894,223165.72,29578,19.73,565,3,5.68,0,0,22,ZXKVL7211N,679426018699
user_635,42581,54845.38,3245,7.62,364,4,7.04,1,0,54,ITVGW1796X,252064741517
user_636,140765,237435.44,1323,0.94,736,1,12.71,0,0,54,LBUCI7187R,873242460551
user_637,137821,72630.25,33748,24.49,607,2,12.9,0,0,50,XKTGA9464J,333811264551
user_638,120348,226233.52,21475,17.84,807,1,7.06,0,0,30,VIRDG3140D,822539437756
user_639,84025,43097.21,11900,14.16,361,1,9.55,0,0,59,NBDBY3715X,825156239216
user_640,112125,220159.9,13081,11.67,832,2,11.59,0,0,35,FJVML7753J,678026863589
user_641,43149,69774.56,11184,25.92,715,1,13.02,0,0,36,XXGIK7786M,962486650783
user_642,142934,227679.18,48081,33.64,787,0,11.65,0,0,28,DZDNU6902L,844987800343
user_643,78237,133366.09,17663,22.58,474,1,11.32,0,0,24,OOWKW2633D,212303695269
user_644,50785,82550.04,20291,39.95,604,1,5.45,0,0,24,VNCZD7301W,147673013479
user_645,61302,65552.76,15759,25.71,626,0,7.3,0,0,44,QVZOC4796F,411974058545
user_646,55768,52038.33,4040,7.24,398,4,14.78,1,0,34,BUVSV1431D,208618002268
user_647,88427,162510.78,29437,33.29,619,0,12.98,0,0,45,GILUO1944H,583822552351
user_648,123582,117483.21,2157,1.75,700,1,3.53,0,0,52,TAPUV8576Y,560887862433
user_649,45315,80907.08,10069,22.22,664,0,3.6,0,0,38,YXQTQ1776W,950795346153
user_650,112246,168277.55,33084,29.47,441,2,7.22,0,0,56,XKDDI8244E,250660322778
user_651,36521,25856.51,10800,29.57,802,0,13.53,0,0,42,KZVXN5451C,482643841564
user_652,133997,86819.65,42121,31.43,806,1,10.0,0,0,56,TADGT4566K,351481650800
user_653,41130,38400.87,5385,13.09,811,0,10.34,0,0,39,TGPWR0383H,045714376532
user_654,108273,135182.85,31624,29.21,826,2,9.23,0,0,48,LYVGV5993Q,363630978751
user_655,77210,70708.05,4494,5.82,536,4,5.36,2,0,23,OHPJY5465N,232493600683
user_656,69215,55329.35,5702,8.24,373,1,4.18,1,0,58,ITYLO9775W,848234469968
user_657,67533,38332.76,22914,33.93,742,1,13.5,0,0,42,CQLHA5959Q,698761355822
user_658,60793,107997.98,3751,6.17,516,1,5.19,1,0,23,JJTQT8322X,983988064939
user_659,22198,14711.21,52,0.23,518,5,4.82,2,0,49,XKCWF9494Z,894448528247
user_660,116452,129181.57,26323,22.6,826,1,12.3,0,0,39,HMZSJ3122W,718466387649
user_661,36585,34582.67,12399,33.89,610,2,6.83,0,0,59,IJBPX5906K,670593190691
user_662,115601,213411.28,1759,1.52,427,0,4.51,1,0,21,QIMJT1192Q,954803775335
user_663,145282,173354.73,35101,24.16,358,4,11.16,2,0,38,KHWNS4543M,593867793867
user_664,131277,248707.54,36339,27.68,628,1,13.05,0,0,31,SXGPN7349J,482908683380
user_665,93854,88801.31,11276,12.01,312,4,12.55,1,0,40,EPWGE5036J,406836186374
user_666,20679,41220.85,6101,29.5,774,1,5.87,0,0,33,WSFLV0442Z,038345234879
user_667,21749,41697.7,1257,5.78,525,1,13.7,0,0,41,XBNRV8807E,294929729642
user_668,132444,165583.19,29731,22.45,522,4,6.95,0,0,57,HQLVE5034U,473253496487
user_669,119874,165127.97,18733,15.63,615,2,8.31,0,0,24,GOJUY4188T,555506512939
user_670,136756,75263.38,34469,25.2,836,0,11.96,0,0,53,IYDXT0085R,786179276747
user_671,132828,265351.28,24657,18.56,409,0,13.45,1,0,59,WBFMW2837T,952571150979
user_672,140584,152587.85,10614,7.55,459,0,4.13,1,0,37,XADAS2035G,212303853008
user_673,22282,29925.75,8696,39.03,800,2,10.12,0,0,47,KKEAT1596W,550775498974
user_674,109691,62148.78,4082,3.72,523,5,5.72,1,0,42,NOMUR1861X,330655218899
user_675,58080,79654.88,5218,8.98,546,2,8.77,2,0,58,GCNHK9241L,662999842841
user_676,52984,51555.97,7492,14.14,333,4,10.75,0,0,26,XOPCK9331G,556831365602
user_677,92912,137345.44,8621,9.28,378,3,9.99,2,0,38,KBGGT5383P,111637576684
user_678,97493,122485.66,20513,21.04,403,5,5.03,1,0,60,AMVPZ6575Z,607414819582
user_679,117802,77763.9,66,0.06,399,1,5.96,0,0,36,XWKNE1840F,698508007684
user_680,68381,36713.66,12805,18.73,802,0,11.13,0,0,52,LRTCH4982L,199062216364
user_681,107138,83357.37,36169,33.76,482,2,5.06,1,0,52,DLOPT8258B,720923186704
user_682,108093,109041.04,23153,21.42,512,4,14.5,1,0,40,ZXWCX6173X,799222655819
user_683,95245,123214.25,30550,32.08,459,0,5.02,2,0,21,YDMYU6616C,995818081526
user_684,136117,236335.98,6916,5.08,507,0,4.86,2,0,31,TMCSE1753A,844954747490
user_685,30703,32670.34,10017,32.63,737,2,13.21,0,0,44,HULHB7616Z,895082034726
user_686,67596,102562.71,3495,5.17,436,3,6.43,0,0,23,OIKFB8019X,752934773924
user_687,126305,152407.56,1772,1.4,585,2,11.22,2,0,37,NXSSZ6083B,330578686872
user_688,149249,86628.32,37403,25.06,850,0,11.69,0,0,21,XOUWQ9718A,664344773092
user_689,88185,175878.38,27880,31.62,842,1,8.45,0,0,56,YIZZA8259E,449472310283
user_690,85204,142413.73,32235,37.83,406,3,10.31,0,0,47,NJKJV2673S,543313665315
user_691,82363,110757.2,5645,6.85,840,1,11.06,0,0,43,IIRZH5139W,034530836402
user_692,45647,86962.93,5414,11.86,314,1,7.29,2,0,30,XUBDY8849K,033992376279
user_693,28397,53333.64,443,1.56,455,4,7.5,2,0,41,ZKMMU7747H,826465984123
user_694,75698,91942.03,11971,15.81,434,5,12.06,2,0,21,OCBIC0374V,990874111820
user_695,69457,54451.19,20605,29.67,339,3,10.01,0,0,24,OUGAO7514X,353222073356
user_696,33873,17189.39,10527,31.08,740,1,4.75,0,0,26,EOVYS6626W,723781509870
user_697,97636,152978.28,20183,20.67,751,2,11.71,0,0,25,GHXAB6100Y,490672326902
user_698,43357,59425.15,2327,5.37,772,0,11.95,0,0,32,OZNRR2611C,903559652091
user_699,57449,87018.31,702,1.22,495,1,6.52,0,0,41,KNNCU1615U,316445276004
user_700,59772,90013.53,1612,2.7,522,2,4.09,0,0,60,KXZGK1827A,100532894946
user_701,30537,52360.03,6704,21.95,556,5,10.46,2,0,47,PIIBA6364P,844415241050
user_702,54462,91584.21,2965,5.44,582,5,12.86,0,0,50,QLHAT4092V,631099958234
user_703,76008,67203.3,29490,38.8,637,2,7.9,0,1,53,GOQAI0254W,783774155607
user_704,97400,70290.64,18271,18.76,557,5,8.93,1,0,30,MKONU5315E,181109479334
user_705,141009,186251.86,54576,38.7,713,0,3.65,0,1,21,HWHPU9443N,581039050731
user_706,57222,63440.79,21690,37.91,504,4,10.88,2,1,22,NHASR9718C,999480316443
user_707,41014,34842.76,8696,21.2,466,5,4.25,1,0,29,KFVGE6436U,482185381876
user_708,74791,111064.51,17609,23.54,383,3,11.85,1,0,55,XHFMK5940W,435926059279
user_709,130868,154864.97,13984,10.69,488,1,9.56,0,0,25,TCFRJ4985Y,095997741479
user_710,105476,202269.58,22701,21.52,820,2,6.47,0,0,42,PJPRE0139Q,812228788715
user_711,22434,32141.46,1364,6.08,417,5,3.64,0,0,51,JKBSB8710W,107821650925
user_712,86479,135812.52,25714,29.73,622,2,13.39,0,0,50,DBEAM1558S,524604214862
user_713,45647,50294.49,253,0.55,717,1,11.63,0,0,42,QGJSW7376G,128430905298
user_714,132862,223970.56,3324,2.5,309,4,12.18,1,0,60,GGBQP0622L,669216552247
user_715,90741,52160.2,12554,13.83,366,1,6.12,2,0,42,VRLZO0714H,983776866477
user_716,42121,56575.82,7247,17.21,457,1,5.62,1,0,55,OWHGR8944S,039238454028
user_717,39017,55424.62,3995,10.24,383,3,11.66,0,0,39,CQMMI8488V,068187699770
user_718,64209,91084.87,4336,6.75,636,0,4.73,0,0,34,CGSSZ2268S,508598378087
user_719,120068,200355.44,45920,38.24,633,0,9.27,0,1,28,ODKPE9522R,962706399453
user_720,123899,81160.21,46046,37.16,616,2,12.4,0,0,56,JEYKX9891H,386588571124
user_721,133491,74081.17,17974,13.46,657,2,9.67,0,0,40,IYTRB8254M,202833780348
user_722,28860,37209.95,9154,31.72,341,2,4.61,2,0,41,RGEAZ2676L,524095186632
user_723,50293,27303.64,5238,10.41,549,5,5.26,1,0,43,EQZTG1381Q,593768145022
user_724,105141,207826.17,14270,13.57,466,0,7.12,1,0,39,XBFRQ0651T,612825820428
user_725,62956,76746.3,8654,13.75,547,0,11.7,2,0,57,QJBJK1622A,292361448597
user_726,22326,31329.22,3740,16.75,362,1,7.64,1,0,39,KFPIY9821M,059114420825
user_727,126382,174298.3,1793,1.42,406,2,8.06,2,0,25,KVZNJ1862D,539427842994
user_728,30034,18295.49,10766,35.85,663,2,4.2,0,1,33,ZNLUP1312I,086131759643
user_729,55590,27814.67,13119,23.6,523,1,7.35,0,0,47,ASDUX9090T,865426482639
user_730,44547,29312.28,4984,11.19,450,2,9.01,2,0,54,CTZHD6061C,365616972347
user_731,142586,262429.28,35666,25.01,400,3,10.45,0,0,38,NWVAU0368U,877984305947
user_732,53803,44315.18,19399,36.06,423,3,8.4,1,0,25,MYZPC0311I,008987901417
user_733,146804,114139.45,27839,18.96,839,0,3.26,0,0,32,QTLOH9030I,994763487071
user_734,51137,36619.49,6412,12.54,301,5,4.7,1,0,53,MVMKT0508T,381052232423
user_735,27876,27842.05,6335,22.73,679,1,7.48,0,0,53,LDLLU5464E,031190936194
user_736,143252,127725.09,8811,6.15,430,2,13.2,2,0,29,FEIYR8186E,223024415035
user_737,52684,53462.61,16293,30.93,672,1,13.17,0,0,38,QXMGH5782C,556605104320
user_738,121587,209109.11,23514,19.34,704,2,12.18,0,0,48,LCESV2825Q,571228495119
user_739,146283,136551.15,5340,3.65,801,2,13.83,0,0,58,JWCFQ5139E,828323265856
user_740,51322,47602.98,8602,16.76,373,3,7.87,0,0,28,QQOGW8702M,147311006904
user_741,144748,167506.79,14769,10.2,300,3,10.95,2,0,48,RZODT9294I,232729338188
user_742,31884,42450.18,12264,38.46,313,0,11.17,1,1,30,KCVQG0025N,490659511938
user_743,96765,51187.53,34295,35.44,560,3,4.42,0,0,34,GHBPO8190N,877244902671
user_744,69763,38028.64,26526,38.02,743,1,9.82,0,1,33,CGIUW9835Z,877485530555
user_745,144618,245512.57,21009,14.53,777,0,9.62,0,0,58,YPVXQ2344F,885970145743
user_746,66376,60363.68,7729,11.64,417,5,7.88,0,0,53,EEBZF9458G,970070797409
user_747,67239,117719.17,25722,38.25,650,1,8.64,0,1,28,FTSKT7836Q,191699099484
user_748,143812,192684.6,4274,2.97,775,2,7.11,0,0,38,HHQDW5609K,229357575642
user_749,62967,118184.75,6899,10.96,636,2,11.74,0,0,42,NIGAR0999C,103142874797
user_750,72546,136498.91,19171,26.43,759,1,3.35,0,0,47,YQORD3422P,837961167712
user_751,139889,153687.44,13938,9.96,757,1,3.97,0,0,36,OJYXI8766Y,610245698372
user_752,83865,147955.7,10110,12.06,683,2,11.59,0,0,34,GQRDX4513B,129818633618
user_753,90708,57346.91,2839,3.13,448,1,4.27,0,0,52,LWCXT7124I,746291847503
user_754,36919,40104.14,13788,37.35,407,5,4.49,0,1,24,OFFUR6278W,340392571648
user_755,86262,106095.41,10484,12.15,380,2,6.03,2,0,23,WJLBG4688B,806385402263
user_756,41429,37680.28,12398,29.93,577,4,14.77,0,0,40,SLNZJ7539A,216067991316
user_757,125762,224292.68,18965,15.08,483,4,10.42,1,0,39,ZDXFB7360A,620745223428
user_758,147524,139826.34,26548,18.0,364,4,12.47,2,0,48,EAJGZ3216B,542964910565
user_759,34877,49898.0,1671,4.79,378,3,3.68,0,0,60,EYBJR7497J,650237125794
user_760,130732,82457.81,22706,17.37,440,1,6.11,2,0,26,RIDAZ4687E,668734316642
user_761,110354,130819.61,10684,9.68,767,2,8.09,0,0,55,JUYPT6455M,821240334841
user_762,22753,24574.26,3903,17.15,662,1,8.97,0,0,58,PGDDM8115B,677180647181
user_763,119735,62553.11,37759,31.54,837,1,3.22,0,0,22,JUFOM2660N,973352106934
user_764,115232,66843.33,13566,11.77,651,1,4.3,0,0,33,EGMNT2720N,663625079670
user_765,127609,187054.46,28197,22.1,563,1,7.72,2,0,28,EDYGH9769J,030084268231
user_766,31958,47405.12,11293,35.34,450,3,8.82,1,0,25,KZITY1468P,681545886221
user_767,32911,21627.88,4078,12.39,301,0,14.38,2,0,58,GWUZS3717N,314565868387
user_768,138514,134042.8,34445,24.87,734,1,3.87,0,0,37,QQLXV1807Z,156099771107
user_769,29119,44686.21,6240,21.43,482,4,7.66,2,0,25,JHTAT6085N,568022739263
user_770,111575,131914.42,32598,29.22,733,1,3.27,0,0,37,JYKNY6855G,859680348164
user_771,100003,145561.19,2158,2.16,565,3,12.1,2,0,30,VYXRU6784Z,534377045690
user_772,97896,68236.62,16819,17.18,347,1,7.61,0,0,43,IENBO1622Y,360626339036
user_773,91315,116885.72,15143,16.58,488,1,13.74,0,0,46,TPILW5768L,077214289005
user_774,20458,28301.48,2631,12.86,617,1,5.0,0,0,22,KOYAE3980H,773824723492
user_775,115112,219758.31,13170,11.44,793,1,11.18,0,0,58,WDBRH7710C,998970313664
user_776,135120,87931.07,30506,22.58,528,2,14.83,0,0,32,MMVHR4021L,516314844553
user_777,56033,83955.68,5202,9.28,526,5,5.24,0,0,56,YVHCE7788A,971120608399
user_778,53776,41710.71,16511,30.7,781,0,6.37,0,0,21,CHRNZ2745O,683587288855
user_779,126811,209825.02,37288,29.4,428,2,12.69,1,0,48,NXXKY4779M,450340630221
user_780,74458,112015.51,21429,28.78,831,1,13.04,0,0,56,GDVNZ4603J,037589983271
user_781,78010,56427.89,22855,29.3,823,0,10.29,0,0,22,XEFTY7076A,328544293780
user_782,116483,215268.58,33132,28.44,330,4,8.17,0,0,24,RHIEH0373P,756821951424
user_783,47476,39568.07,7604,16.02,807,0,3.09,0,0,21,FNORC3892A,382643677831
user_784,107345,80522.85,39279,36.59,425,5,14.49,2,0,38,DIELU0686R,939161581220
user_785,41518,74863.82,7330,17.65,589,4,14.19,0,0,35,AIVPV5735W,937891172597
user_786,55979,38973.06,18721,33.44,344,3,3.48,2,0,43,NNWZI0142C,203455692492
user_787,110517,113503.57,14680,13.28,374,1,5.33,1,0,43,BZMRH7856O,162095416665
user_788,88178,86348.57,26375,29.91,487,2,12.07,0,0,48,DISMD0501K,731342727501
user_789,79057,51880.34,1344,1.7,374,1,9.18,0,0,55,GUTWO0538C,239307435262
user_790,113979,86945.78,43092,37.81,689,1,7.78,0,0,22,NVAXX1376D,141176997684
user_791,26692,40741.05,5951,22.3,587,1,6.36,0,0,34,MOASU0485U,832836501155
user_792,92578,153709.74,25252,27.28,424,4,10.53,2,0,47,NSKEY0867T,149205838251
user_793,106281,177136.03,36484,34.33,707,2,7.01,0,0,52,FLOAD7422H,899803231210
user_794,68428,80896.24,13305,19.44,644,2,5.61,0,0,25,RRMKY8659Q,643863378002
user_795,99916,79769.77,5899,5.9,437,5,13.25,1,0,55,JBSFB6002P,074032361204
user_796,148423,134473.91,49112,33.09,679,0,10.14,0,0,26,SSFHP9499L,902632716856
user_797,101681,106882.53,4356,4.28,547,4,8.32,0,0,54,CUCQT5536N,715522638377
user_798,91442,69110.24,24435,26.72,584,3,12.02,0,0,29,KSVCT0067D,600006219841
user_799,148797,197424.8,10166,6.83,333,4,13.8,1,0,49,DJHPF2508D,728075017901
user_800,40417,36121.2,3227,7.98,460,3,4.92,0,0,40,RZAMD4534A,251772571064
user_801,89245,107388.34,30964,34.7,332,1,6.86,1,0,54,QMULS7029Y,098585829558
user_802,74140,61193.73,27292,36.81,349,5,11.64,1,1,30,CWEZJ3449M,946601500092
user_803,57763,42033.23,3136,5.43,803,0,13.77,0,0,24,LPVHN8841L,708065117330
user_804,106750,131841.63,22183,20.78,494,2,6.78,0,0,53,TKJNC6824F,258382760782
user_805,43684,39694.88,11671,26.72,437,3,10.71,0,0,22,AOGHB6850O,844350862731
user_806,123263,237251.02,31285,25.38,326,3,7.02,0,0,35,WEKXQ7493M,055466270018
user_807,46450,27056.89,9523,20.5,384,3,3.68,0,0,50,DBTPK4684Y,385825540784
user_808,112357,66974.63,5063,4.51,494,1,4.52,1,0,53,BFLMA6172L,201532120950
user_809,88754,115859.59,30319,34.16,365,1,8.48,0,0,60,ARQOB9753Q,180297894541
user_810,93183,107207.34,22211,23.84,408,3,8.13,2,0,47,KQFQY6105C,514829471367
user_811,133864,215239.78,21718,16.22,300,3,5.79,2,0,51,XZBVT3450M,034048998602
user_812,78333,151531.38,26632,34.0,717,1,10.91,0,0,31,EGBFP8548W,638366210967
user_813,103483,69535.52,40570,39.2,652,1,6.94,0,1,25,QEMNO4035A,183640209845
user_814,55583,93016.04,4070,7.32,638,0,11.58,0,0,24,CNQQQ0314F,062796912804
user_815,71337,133167.39,20095,28.17,747,0,13.48,0,0,26,JPWFS3191Y,411796624577
user_816,57942,87937.44,9067,15.65,678,1,12.52,0,0,36,ZFTXY0809T,085508974430
user_817,20300,17833.25,5050,24.88,739,1,10.94,0,0,49,UZFFW7847U,566811754284
user_818,67465,46160.24,22079,32.73,815,0,12.25,0,0,39,VXYPY9735T,133294593532
user_819,27070,23613.59,2331,8.61,645,1,13.33,0,0,21,LULNO1167H,043799526182
user_820,27276,32964.91,5204,19.08,816,2,6.67,0,0,59,ARGFY4758R,796493025915
user_821,99825,90591.77,5896,5.91,628,2,9.34,0,0,29,QTPDN0692W,215449767328
user_822,90559,96181.48,31824,35.14,481,2,7.99,2,1,59,PYBUP5102G,855520542800
user_823,137973,263338.58,9958,7.22,487,1,10.93,0,0,36,XZYLU7703U,438416974105
user_824,103659,192607.31,23861,23.02,800,2,6.1,0,0,43,BCZZD7574D,491824272906
user_825,95025,172251.89,12490,13.14,495,1,4.7,2,0,31,FNCLH2241W,893417749997
user_826,146430,195776.17,39689,27.1,591,5,6.93,2,0,58,VWOJW1622Q,159468639928
user_827,21508,26630.25,1806,8.4,426,4,11.28,0,0,49,ZGRRF8177E,919112094594
user_828,142786,280767.21,16702,11.7,396,1,12.19,0,0,22,UCGCB5156J,592070904537
user_829,49262,84342.8,1426,2.89,539,1,10.75,0,0,36,SPEAZ0051V,514188409554
user_830,34866,45055.41,4845,13.9,805,0,4.45,0,0,37,KVAGP1656P,877084734804
user_831,66680,60199.98,668,1.0,412,2,10.0,2,0,26,YQDMD2766L,914974400045
user_832,140372,234111.64,12193,8.69,802,1,13.61,0,0,49,DSYJU9970E,348254614288
user_833,22113,38945.15,8258,37.34,365,4,11.9,0,0,46,BFCGS5926K,918374121380
user_834,52079,82091.99,12263,23.55,350,0,5.83,2,0,21,BOTBD5197I,208918373148
user_835,147041,103466.17,10543,7.17,595,4,9.11,0,0,22,PSJXV1575H,929246359420
user_836,121106,164337.13,11777,9.72,353,2,12.64,0,0,42,GYUDP5446N,139127381658
user_837,101914,174732.59,17745,17.41,407,0,8.63,1,0,40,YAJPF1331J,035429487633
user_838,131769,94372.92,47890,36.34,748,2,12.24,0,0,23,ZHJLP4473U,246978865998
user_839,128854,253015.39,19768,15.34,404,2,8.11,0,0,33,XCFQA3914D,404935721086
user_840,51055,35865.94,8724,17.09,696,0,3.32,0,0,47,EYKYN6029M,801778183520
user_841,106507,161799.88,27686,25.99,310,4,4.21,0,0,23,VXQGU9533E,218194692367
user_842,30130,27041.8,6630,22.0,748,0,10.53,0,0,35,BHWPK1458G,053323632593
user_843,73147,114624.07,12384,16.93,799,2,8.47,0,0,40,GKHGN6405C,031556023535
user_844,59752,71140.8,21671,36.27,578,2,8.9,0,0,45,INPEC2431B,065076335246
user_845,85287,61725.94,11741,13.77,474,2,11.38,0,0,55,VUHDZ9471I,010226455524
user_846,77399,114448.41,23159,29.92,752,0,6.95,0,0,25,CGNWX7106T,004083920390
user_847,122103,81231.53,45104,36.94,435,5,8.8,0,0,38,HXHOT4938V,871044377564
user_848,50185,91763.86,6859,13.67,307,2,8.15,2,0,22,AAMAD0744Q,022653896633
user_849,20625,40245.02,588,2.85,373,1,4.56,0,0,33,FBCLL6992G,374036929189
user_850,45213,78759.91,11621,25.7,657,0,3.54,0,0,25,XKARF6117I,887739472854
user_851,95660,135916.33,25497,26.65,470,1,14.57,2,0,22,KZQRZ6287Y,745306616929
user_852,93876,102041.28,33606,35.8,816,2,14.76,0,1,25,OZYQO6774F,622626033592
user_853,103243,74653.53,7841,7.59,435,4,6.29,2,0,28,OCRNJ4452L,492578519358
user_854,101682,61730.55,36610,36.0,605,2,8.71,0,0,35,LFJTS3668B,216386670006
user_855,62723,47714.28,20509,32.7,756,0,8.78,0,0,30,ZVHNX6557X,089623527920
user_856,79117,98798.02,10664,13.48,721,1,10.75,0,0,30,ZQTNM5371Q,321069992399
user_857,52443,61330.97,14279,27.23,476,3,3.08,1,0,59,ZWUCR7522F,873030301193
user_858,71134,110435.88,13624,19.15,636,1,10.5,0,0,28,TBBUM2040K,399775164920
user_859,86428,120320.39,21351,24.7,319,3,14.31,0,0,56,SWEMG5365X,923213839614
user_860,93134,70184.49,18624,20.0,535,4,14.39,0,0,23,QWMVA0018R,643283530218
user_861,51985,84522.43,3031,5.83,695,2,5.63,0,0,43,JQOFP4688W,885274817286
user_862,91159,101794.38,24644,27.03,335,0,12.57,2,0,55,CTSUO1846K,006244053227
user_863,35424,45282.39,1152,3.25,487,4,11.45,0,0,30,TSTAC7259A,685092272369
user_864,63155,45415.06,11121,17.61,475,4,14.03,1,0,28,KESGS0541D,268432291820
user_865,131483,88694.64,10771,8.19,445,1,12.89,1,0,54,FNYIH4226R,010625505392
user_866,143347,218862.11,11503,8.02,431,1,7.17,1,0,38,QMAOS5477J,046458790476
user_867,119161,220359.46,12714,10.67,717,2,6.87,0,0,58,MBBFL3718O,379650004862
user_868,40524,33619.86,3864,9.54,649,1,5.67,0,0,26,YUMWA2117R,255649621205
user_869,127194,181888.53,49132,38.63,420,3,4.87,0,1,21,ZSEBV4680T,248922962497
user_870,118740,63227.99,37281,31.4,798,2,13.8,0,0,57,EPANL4258A,759439276054
user_871,129765,75311.52,41794,32.21,673,0,7.6,0,0,41,VVPDC2316U,189086737148
user_872,118994,174392.43,4804,4.04,385,4,3.02,2,0,25,VGHKD0500Y,549803756093
user_873,38401,71942.78,577,1.5,377,2,7.66,2,0,45,HFQRN1539T,062332584522
user_874,35590,36112.75,9510,26.72,354,5,12.53,2,0,58,CVOGX2257J,862032027233
user_875,60964,54898.56,8698,14.27,401,4,10.39,1,0,49,UOAKJ6201Z,827068442403
user_876,120411,170494.64,14161,11.76,336,3,11.27,0,0,48,YQLLH6011O,246649671738
user_877,68973,130211.79,7258,10.52,503,1,9.88,1,0,29,SPGLL7432P,024875183126
user_878,113206,162757.51,41700,36.84,791,1,14.75,0,0,60,BOHIP3624B,581703678760
user_879,24863,36318.7,9272,37.29,417,3,10.68,0,0,26,KCHOR4982M,096319827654
user_880,70705,70457.62,5849,8.27,588,3,4.86,0,0,26,PSRWW3323R,279124337970
user_881,107212,181992.34,36903,34.42,431,5,12.13,0,0,26,FFOWE0499D,503340660320
user_882,96028,58711.76,3891,4.05,629,0,5.26,0,0,53,VIGBR4480V,084179475161
user_883,49909,51988.9,5492,11.0,506,5,3.86,0,0,38,LJZLS4796R,080985632367
user_884,116529,61429.97,5060,4.34,835,0,3.03,0,0,34,LYGFN1005B,105929758974
user_885,48124,84274.29,5786,12.02,346,3,13.91,0,0,56,ULLFJ2515U,985734021997
user_886,84237,60046.98,27329,32.44,800,1,5.46,0,0,34,GWPFT9931X,814321996084
user_887,123885,105245.63,22356,18.05,612,1,9.23,0,0,38,ULCEQ0042J,498434843882
user_888,147855,287753.67,20402,13.8,499,1,10.28,2,0,53,XPZXU4564Y,882865172712
user_889,53435,85731.67,5618,10.51,788,0,7.34,0,0,59,IRAIN5053H,292535229864
user_890,120165,173661.33,11371,9.46,750,1,3.09,0,0,34,LLTYK7343M,659246538181
user_891,50466,38087.67,2830,5.61,483,1,8.72,0,0,55,NQSRR6024X,800301133923
user_892,34454,61385.26,7633,22.15,642,1,7.12,0,0,39,PAYZH8167O,761441857278
user_893,141058,212373.01,30338,21.51,773,0,9.21,0,0,43,RQRFZ3037J,855346540782
user_894,97394,48952.01,38670,39.7,578,4,4.96,2,1,34,XCWWU5558J,801127273694
user_895,127516,176472.89,12605,9.89,826,2,3.64,0,0,46,FOXCB6254B,498164529382
user_896,50179,33988.73,2200,4.38,639,0,4.63,0,0,28,FNFKX6354I,293059809980
user_897,28980,19501.9,5361,18.5,418,0,5.86,2,0,54,AWXMU2820C,585104216647
user_898,148587,102337.28,15987,10.76,652,1,10.24,0,0,45,VDMFZ6725H,017735020765
user_899,29211,36211.31,6185,21.17,374,3,5.33,1,0,39,DEJWQ8043K,906170136058
user_900,100995,161162.36,24290,24.05,572,3,5.01,0,0,38,CZDAI2100H,810719574048
user_901,75197,62089.4,1193,1.59,790,1,13.43,0,0,52,DOUVU9037P,038375002987
user_902,127146,126869.03,28480,22.4,353,4,9.79,2,0,34,KQAJS0982Q,030970248798
user_903,100294,175573.13,1794,1.79,707,1,7.44,0,0,24,YZTFW6563H,583443855889
user_904,95311,116472.01,17860,18.74,466,2,7.53,2,0,47,NMZXP9713E,745470090245
user_905,144259,207623.22,50899,35.28,767,1,7.06,0,1,55,PFOXT7409T,904910266677
user_906,30624,15880.88,11247,36.73,521,0,5.75,2,0,32,ZPILA9779Z,872741132108
user_907,50224,84130.51,2156,4.29,606,0,9.23,0,0,34,YFYWB9654N,746914657520
user_908,107897,214544.62,18835,17.46,532,3,3.36,1,0,26,LNCWM1074U,014109025573
user_909,41167,74454.51,10955,26.61,631,0,7.67,0,0,54,PVXAT3314I,154510298568
user_910,98701,87450.68,11965,12.12,764,0,11.07,0,0,42,TJNTF5897Z,659730630834
user_911,144081,232995.26,28203,19.57,578,1,10.42,0,0,51,KXRLF8351C,128502816180
user_912,125755,163117.9,4569,3.63,454,3,9.72,2,0,38,UHMEN6612R,461835249473
user_913,136910,243944.58,15761,11.51,683,1,6.35,0,0,28,DMSQM7248F,857547004747
user_914,55810,49336.38,10445,18.72,659,2,12.97,0,0,27,PPZVT6477O,016369019999
user_915,85984,80883.41,7672,8.92,630,1,6.96,0,0,44,KBYIW1166N,685025269501
user_916,132392,246723.99,24255,18.32,759,1,11.39,0,0,39,ZXIVQ4363L,906635550281
user_917,141785,83823.67,32776,23.12,673,0,7.28,0,0,30,XKWIL6889Y,365062682367
user_918,134466,256163.29,34053,25.32,828,2,6.44,0,0,50,KGMSU5150L,001394498120
user_919,142847,226653.07,22812,15.97,461,3,14.77,1,0,48,AMHOO3179Z,168772346534
user_920,78692,94042.76,12341,15.68,734,2,8.79,0,0,38,DDIEM6377N,418177022074
user_921,133241,77891.17,6010,4.51,523,4,13.39,0,0,32,SRBKD3164R,540847103204
user_922,42639,33095.97,7767,18.22,442,4,7.69,1,0,21,OYXLO0725A,836190731052
user_923,50148,60921.28,3479,6.94,460,3,5.49,1,0,37,NDFHO5225J,350778746799
user_924,58249,100040.76,16528,28.37,609,2,3.34,0,0,45,KPBQJ1120H,745282152079
user_925,149217,189444.06,27297,18.29,372,0,6.81,1,0,39,DJVOX1874P,685277261912
user_926,140090,114401.16,37056,26.45,590,5,5.88,2,0,58,WXPRV5142P,040085680886
user_927,66298,107118.16,10095,15.23,695,1,12.38,0,0,49,FLDMX4504L,074955569721
user_928,78308,111256.68,25613,32.71,832,0,10.75,0,0,38,IINFQ4141R,872285558386
user_929,93488,149067.28,1470,1.57,527,0,13.36,0,0,56,RSVIG2479T,133689693051
user_930,45620,34387.86,17480,38.32,470,0,14.16,1,1,27,QHDVM8470W,516041958428
user_931,129176,221620.27,4142,3.21,311,5,7.23,2,0,38,TENPT4715A,405740266192
user_932,63238,46479.41,1322,2.09,711,1,9.45,0,0,56,SANKU2641L,894538542141
user_933,24639,27193.82,8228,33.39,847,1,4.76,0,0,22,MIEST5839B,898571783099
user_934,129100,190632.99,43733,33.88,536,4,5.83,2,0,44,OKKOJ0036H,514445206529
user_935,46784,91787.38,16310,34.86,387,4,11.59,2,0,53,TARNA4784E,710063235653
user_936,76015,104215.95,20401,26.84,414,1,10.01,2,0,42,CUBGC2762W,645716224512
user_937,72058,48144.03,18997,26.36,365,3,13.81,2,0,41,GTMYX7769O,954563667453
user_938,111545,92346.66,28945,25.95,456,3,10.65,0,0,33,SNBBH5892L,586737907507
user_939,91038,90592.17,20165,22.15,736,1,8.88,0,0,38,FOIMC9173U,292845177113
user_940,44248,24608.61,16678,37.69,801,2,12.67,0,1,40,ZXNHV7194A,927641301219
user_941,109891,109426.42,4421,4.02,321,2,5.3,0,0,47,WCVFG0405L,076878815348
user_942,72078,49674.03,19531,27.1,713,1,4.96,0,0,37,QCJFN5806D,905379102647
user_943,40827,46424.44,11807,28.92,630,0,13.18,0,0,48,LYPRH9687J,345635350240
user_944,21509,40582.97,6464,30.05,445,0,14.23,0,0,22,WIBOF9133G,821115714247
user_945,101442,59202.21,34142,33.66,370,4,12.17,0,0,37,MIFEX5982U,780495633231
user_946,63174,100964.55,13441,21.28,720,1,3.83,0,0,40,QHRRS9510W,501668244441
user_947,131879,262978.72,6613,5.01,550,4,11.83,2,0,58,LIVYU6321M,059851450106
user_948,135103,225949.6,34131,25.26,430,1,4.29,0,0,55,LVJEF5162S,638152758057
user_949,42898,37763.7,16618,38.74,776,1,13.36,0,0,39,PBZUF4604E,607140204086
user_950,90587,146900.08,23450,25.89,531,3,10.16,0,0,54,NPQLY3313H,563954349809
user_951,131375,160274.16,11121,8.47,560,0,14.83,1,0,40,JPFON7246P,655446209454
user_952,139066,210232.28,48368,34.78,635,2,7.71,0,0,47,VIKEY2005A,117678348740
user_953,144417,107688.2,9327,6.46,587,2,7.01,1,0,50,JHNKY3354Z,170846069752
user_954,27729,49269.18,5833,21.04,422,1,13.13,1,0,54,LNIJI4519H,876328488148
user_955,44288,71153.11,11451,25.86,750,1,6.2,0,0,32,OKSZC0080Y,300045153619
user_956,122109,103600.08,31138,25.5,471,3,9.05,1,0,57,BPDBJ1133K,244402382726
user_957,133573,86676.73,8183,6.13,515,2,6.02,0,0,29,CZHER4297M,529040863249
user_958,127832,229456.0,49628,38.82,657,0,9.27,0,1,22,VABHQ9524F,792422083928
user_959,91808,135677.97,12383,13.49,417,1,4.06,2,0,27,QRHUM2439X,063406766343
user_960,28627,46647.57,2739,9.57,434,0,9.49,2,0,32,MYXIJ5606S,946650743746
user_961,126047,103469.3,31578,25.05,543,2,14.84,2,0,52,QRLGD3104J,530928126890
user_962,63765,84296.62,2764,4.33,615,0,14.28,0,0,40,FCZJV5363H,407489964416
user_963,98863,141921.77,34752,35.15,715,2,13.03,0,0,55,WGCDI7507M,725803730325
user_964,47400,73675.21,17018,35.9,532,1,13.61,0,1,24,IRNXD5489Y,985265732119
user_965,124331,242362.18,7668,6.17,577,2,6.57,0,0,39,GOMUO4910Q,786280740407
user_966,39688,31572.54,6145,15.48,677,2,8.88,0,0,58,QBBFU5202G,013436602522
user_967,80179,128574.66,23041,28.74,429,4,14.48,0,0,60,IICGW1187C,652363292015
user_968,132417,157731.61,37102,28.02,402,1,13.55,1,0,51,RDVNJ2194K,709254875016
user_969,115478,124325.97,5828,5.05,403,2,7.63,1,0,30,WXQTG9816Q,610277586607
user_970,71714,133764.69,27194,37.92,610,0,6.02,0,0,51,QZZFN5594N,416990745066
user_971,81977,163490.68,27074,33.03,701,2,6.62,0,0,58,TOJNR5278X,365416038850
user_972,48949,81530.48,8295,16.95,411,0,10.3,0,0,26,HJATR4643S,304910183751
user_973,88235,167685.8,26192,29.68,708,2,13.38,0,0,34,LCHDK3870O,351363659728
user_974,28938,17283.23,11050,38.19,374,0,6.58,1,1,37,EIXRM5301H,984768237939
user_975,69783,121118.59,18819,26.97,638,0,14.36,0,0,36,HFDJW2764M,026804931436
user_976,77575,60848.18,10693,13.78,368,4,13.23,2,0,58,DBQZV0440X,914675766704
user_977,93240,78646.83,33170,35.57,642,0,7.01,0,1,58,TVAGZ7322F,028494149488
user_978,104616,144489.33,3449,3.3,542,3,9.32,0,0,29,HKORU5756I,939216573893
user_979,86884,55010.6,21719,25.0,670,1,10.62,0,0,37,FDEKK7153Q,761172652960
user_980,45820,51089.89,11153,24.34,839,1,7.64,0,0,22,UDOFI9712M,430563422944
user_981,51199,60334.7,18406,35.95,838,2,3.33,0,0,26,IFMMO2298G,956372196882
user_982,70679,94487.09,6935,9.81,635,0,7.3,0,0,43,XTCHM0413I,493038919452
user_983,30889,46197.31,7339,23.76,832,0,6.2,0,0,27,TQQVL5320Z,805175538165
user_984,79167,62292.19,10800,13.64,524,3,11.19,0,0,42,WJCAH6545W,130646182140
user_985,36586,55655.23,6632,18.13,547,4,8.11,1,0,26,MLHCF0087S,490009411071
user_986,111732,187427.5,7719,6.91,563,3,4.65,2,0,32,MPTSI3763B,133630000909
user_987,103625,173574.99,18359,17.72,630,2,10.59,0,0,43,VRAKM2956J,155817089159
user_988,58590,98363.31,17844,30.46,520,5,4.53,2,0,29,QKESE3372P,157608262263
user_989,45641,48998.23,17570,38.5,415,1,10.89,0,1,47,RZUER8309N,048830051599
user_990,45818,83947.46,2500,5.46,682,0,9.63,0,0,47,WYYLR0753D,067401955942
user_991,51557,71162.03,11597,22.49,435,5,8.06,2,0,39,YLWZP6084D,895035440891
user_992,112799,76542.62,1676,1.49,494,0,6.89,2,0,50,CEEAM3145T,062300650801
user_993,31228,23975.57,4640,14.86,850,2,7.69,0,0,23,EVYSE1918R,396339037687
user_994,97364,115893.61,29703,30.51,628,2,7.18,0,0,47,JFYOK6994R,407840272783
user_995,133248,214410.85,29429,22.09,513,1,3.64,0,0,23,NTFME7006V,527892953335
user_996,41125,55232.58,1573,3.82,471,4,6.33,2,0,55,UICAU5497P,337446594070
user_997,102071,78110.29,3788,3.71,473,5,5.44,2,0,24,XKIJQ7433D,001012720750
user_998,148209,239295.16,5679,3.83,644,2,3.78,0,0,42,GWWNY1796R,043625230053
user_999,77076,60241.54,3222,4.18,837,0,8.4,0,0,53,KLEKZ3310M,925794619201
user_1000,34383,48328.79,11241,32.69,373,5,11.8,2,0,55,IMHEG3644N,135800104936
